Site_Id,Read_Date,Salinity (ppt),Dissolved Oxygen (mg/L),pH (standard units),Secchi Depth (m),Water Depth (m),Water Temp (?C),Air Temp (?F),AirTemp (C)
Bay,1/3/1994,1.3,11.7,7.3,0.4,0.4,5.9,46.4,8
Bay,1/31/1994,1.5,12,7.4,0.2,0.35,3,36.68,2.6
Bay,2/7/1994,1,10.5,7.2,0.25,0.6,5.9,45.68,7.6
Bay,2/23/1994,1,10.1,7.4,0.35,0.5,10,36.86,2.7
Bay,2/28/1994,1,12.6,7.2,0.2,0.4,1.6,32,0
Bay,3/7/1994,1,9.9,7.1,0.2,0.9,9.7,59.36,15.2
Bay,3/14/1994,0.5,10.4,7.2,0.25,0.75,9.8,50.18,10.1
Bay,3/28/1994,1,9.2,7.1,0.15,0.95,16.1,71.78,22.1
Bay,4/4/1994,1,9.2,7.2,0.25,0.75,15,56.3,13.5
Bay,4/11/1994,1,8.6,7.3,0.2,0.75,15.7,55.4,13
Bay,4/18/1994,1,8.8,7.6,0.2,0.7,17.5,61.88,16.6
Bay,4/25/1994,1,10,7.9,0.2,0.5,19.3,71.78,22.1
Bay,5/2/1994,1.3,9.8,7.5,0.2,0.65,16.1,55.4,13
Bay,5/9/1994,1,10.1,7.9,0.25,0.75,18.8,67.1,19.5
Bay,5/16/1994,1,8.2,7.8,0.25,0.8,22.1,72.14,22.3
Bay,5/23/1994,1,10.8,9.1,0.05,0.05,21.7,75.74,24.3
Bay,5/30/1994,1,8.7,8.5,0.35,0.8,22.3,72.86,22.7
Bay,6/6/1994,1,9.4,8.6,0.35,0.8,23.8,78.26,25.7
Bay,6/13/1994,1.2,10.4,9,0.35,0.8,27.9,80.42,26.9
Bay,6/20/1994,1.5,9.8,9,0.35,0.7,29.5,86.9,30.5
Bay,6/27/1994,1.5,7.3,8.1,0.25,1.2,25.5,82.22,27.9
Bay,7/3/1994,2,10.7,9,0.4,0.9,28.5,82.4,28
Bay,6/25/1994,2,11,9.4,0.5,0.9,30.5,83.3,28.5
Bay,8/1/1994,2,10.7,9.2,0.45,0.75,29,77.9,25.5
Bay,8/8/1994,2,10.2,9.2,0.4,0.55,22,70.7,21.5
Bay,8/15/1994,2.3,6.9,8.8,0.45,0.9,24.5,68,20
Bay,8/22/1994,2,9.1,9.1,0.45,0.9,27,76.1,24.5
Bay,8/29/1994,2.3,9.8,9.3,0.45,0.75,27,80.6,27
Bay,9/5/1994,2.5,8.6,8.5,0.2,1.2,17,62.6,17
Bay,9/12/1994,2.5,7.9,8.4,0.35,0.6,21,66.2,19
Bay,9/19/1994,2.5,8.2,8.1,0.45,0.6,20.5,70.7,21.5
Bay,9/26/1994,2.25,6.9,8.1,0.45,0.8,23,73.4,23
Bay,10/10/1994,2.5,8.4,8.1,0.45,0.5,17,62.6,17
Bay,10/24/1994,2.5,7.4,7.6,0.35,0.85,18,66.2,19
Bay,11/7/1994,2.5,9,7.3,0.2,0.5,15,59,15
Bay,11/28/1994,2.8,9.4,7.7,0.25,0.65,13,63.5,17.5
Bay,12/12/1994,2.5,11.4,6.9,0.35,0.4,5,41,5
Bay,12/29/1994,3,10.4,6.9,0.15,0.4,8,49.1,9.5
Bay,1/22/1990,1,9.7,7.5,0.15,0.65,10,53.6,12
Bay,2/7/1990,3.4,10.8,7.5,0.2,0.6,10,50,10
Bay,2/12/1990,3.2,10.6,7,0.2,0.7,10,48.2,9
Bay,2/20/1990,4.2,11.6,7.5,0.15,0.39,5,41,5
Bay,2/27/1990,2.8,13.8,7,0.5,1.5,2.5,33.8,1
Bay,3/5/1990,2.9,11.6,7,0.2,0.4,7,47.3,8.5
Bay,3/12/1990,2.9,9,7,0.15,0.69,17,69.8,21
Bay,3/19/1990,2.8,7.8,7,0.22,0.92,15,57.2,14
Bay,3/26/1990,3,10.8,7,0.25,0.4,9.5,48.2,9
Bay,4/2/1990,1.8,9.6,8,0.15,0.7,5,59,15
Bay,4/9/1990,4.1,10.8,7,0.25,0.78,11,53.6,12
Bay,4/16/1990,2.5,9.7,7,0.25,0.72,15,57.2,14
Bay,4/23/1990,2.8,10.7,7,0.25,0.59,15,59,15
Bay,4/30/1990,3.2,10,7,0.88,1.3,18,60.8,16
Bay,5/7/1990,4.5,8.9,7,0.25,0.75,17,64.4,18
Bay,5/14/1990,3.7,8.4,7,0.32,1,20,66.2,19
Bay,5/29/1990,2.1,8.9,7,0.375,0.95,19,68,20
Bay,6/4/1990,3.5,6.9,7,0.4,1.22,24,77,25
Bay,6/11/1990,3.2,7.9,7,0.35,0.75,24,71.6,22
Bay,6/16/1990,3.2,7.7,7,0.32,0.62,23.5,68,20
Bay,6/24/1990,3.8,7.9,7,0.35,0.91,26,78.8,26
Bay,7/2/1990,3.7,7.8,7,0.35,0.78,24,74.3,23.5
Bay,7/9/1990,4.2,7.5,7.5,0.3,0.82,26,79.7,26.5
Bay,7/26/1990,4.2,6.9,7.75,0.375,0.48,27,78.8,26
Bay,8/6/1990,4.2,7.7,8,0.4,0.98,26,78.8,26
Bay,8/13/1990,4.2,7.8,8,0.35,0.82,27,80.6,27
Bay,8/27/1990,4.2,8.9,8,0.35,0.94,27,83.3,28.5
Bay,9/4/1990,2.9,8.1,8,0.25,0.68,23,75.2,24
Bay,9/17/1990,2.4,8.8,8,0.25,0.78,21,64.4,18
Bay,10/15/1990,3.5,8.2,8,0.3,0.93,23,71.6,22
Bay,10/29/1990,0.7,12.5,8,0.1,0.38,9,50,10
Bay,12/17/1990,0.5,11.05,7.5,0.25,0.6,8,46.4,8
Bay,1/7/1991,0.7,11.8,8,0.2,0.39,9,46.4,8
Bay,1/14/1991,0.4,12.2,8,0.2,0.65,4.5,39.2,4
Bay,1/24/1991,0.5,13.2,7.5,0.2,0.65,4.5,40.1,4.5
Bay,1/3/1991,0.5,11.9,7.5,0.25,0.78,9,51.8,11
Bay,2/11/1991,0.7,11.1,7.5,0.3,0.41,7.5,46.4,8
Bay,2/21/1991,1.2,10.8,7.5,0.2,0.72,12,50.9,10.5
Bay,2/25/1991,0.7,11.8,7.5,0.2,0.28,8,46.4,8
Bay,3/4/1991,1.2,10,7.5,0.2,1.6,15,60.8,16
Bay,3/11/1991,0.4,12.9,7.5,0.15,0.35,6,39.2,4
Bay,3/25/1991,0,9.8,8,0.275,0.94,14,55.4,13
Bay,4/4/1991,1.2,10.7,8,0.32,0.78,13,57.2,14
Bay,4/8/1991,2.1,8.7,8,0.32,0.83,19,69.8,21
Bay,4/15/1991,1.2,8.9,7.5,0.32,0.52,14,59.9,15.5
Bay,4/22/1991,0.9,9.75,7.5,0.2,0.55,12.5,55.4,13
Bay,4/29/1991,2.4,8.3,7.5,0.35,0.8,20.5,64.4,18
Bay,5/6/1991,2.6,8,7.5,0.35,0.95,21,74.3,23.5
Bay,5/20/1991,1.3,9.5,7.5,0.3,0.5,15.5,59,15
Bay,6/10/1991,3,6.9,7.5,0.3,0.7,23,78.8,26
Bay,6/17/1991,3.8,6.8,7.5,0.325,1.09,26,80.6,27
Bay,6/26/1991,2.8,8.1,7.5,0.25,0.7,21,70.7,21.5
Bay,7/9/1991,1.8,7.8,7.5,0.35,0.95,28,85.1,29.5
Bay,7/15/1991,0,8,7.5,0.99,0.375,27.5,82.4,28
Bay,8/2/1991,0.7,8,7.5,0.35,1.025,24.5,79.7,26.5
Bay,9/23/1991,1.8,8.5,8,0.31,0.52,20,69.8,21
Bay,10/4/1991,3.5,7.7,7.5,0.28,0.7,21,71.6,22
Bay,10/17/1991,9,9.7,7.5,0.2,0.65,13,51.8,11
Bay,11/7/1991,4.7,10.2,7.7,0.25,0.75,13,56.3,13.5
Bay,11/14/1991,6.2,11.3,7,0.15,0.8,12,56.3,13.5
Bay,11/21/1991,2.6,9.1,7,0.15,0.85,17,67.1,19.5
Bay,11/29/1991,3.3,10.8,7.5,0.25,0.6,12,59,15
Bay,12/9/1991,2,10.4,7.5,0.15,0.25,10,59,15
Bay,12/20/1991,1.4,15.1,8,0.2,0.3,2,35.6,2
Bay,12/27/1991,2.9,11.6,7.5,0.35,0.49,7,44.6,7
Bay,1/3/1992,2,11.8,7.5,0.28,0.45,10,53.6,12
Bay,1/9/1992,2.2,11.3,7.5,0.3,0.99,7.5,49.1,9.5
Bay,1/20/1992,1.4,12.6,7,0.2,0.58,2,32.9,0.5
Bay,1/30/1992,1.6,11.6,7,0.25,0.48,6,43.7,6.5
Bay,2/10/1992,2.4,14.2,7,0.25,0.3,3,39.2,4
Bay,2/17/1992,2,11.1,7,0.15,0.68,10,44.6,7
Bay,2/23/1992,2.4,10,7.5,0.15,0.68,12.5,54.5,12.5
Bay,3/2/1992,2.9,11.3,8,0.2,0.8,13,59.9,15.5
Bay,3/9/1992,3.5,10,7.5,0.25,0.75,16,64.4,18
Bay,3/23/1992,2.9,11.6,7.5,0.05,0.35,3,44.6,7
Bay,4/6/1992,3,11,7.5,0.25,0.42,9,50,10
Bay,4/13/1992,3.8,10.6,7.5,0.1,0.5,13,45.5,7.5
Bay,4/20/1992,4.7,9.4,7,0.2,0.78,17,55.4,13
Bay,4/27/1992,3.7,9.6,7,0.35,0.65,14,55.49,13.05
Bay,5/5/1992,3.8,8.9,7.5,0.2,0.6,15.5,50,10
Bay,5/11/1992,4.2,9.2,7.5,0.3,0.7,17.5,62.6,17
Bay,6/1/1992,5,9.4,7,0.4,0.9,20,68.9,20.5
Bay,6/8/1992,4.3,7.9,7,0.4,1.05,27.5,84.2,29
Bay,6/15/1992,5.1,7.8,8,0.4,0.8,25,84.2,29
Bay,6/22/1992,4.7,9,7.5,0.45,0.68,19,64.4,18
Bay,6/29/1992,4.5,0.8,7.5,0.4,0.8,26,78.8,26
Bay,7/6/1992,4.3,7.5,7.5,0.45,1,25,75.2,24
Bay,7/13/1992,5.1,7.3,7.5,0.35,0.95,28.5,87.8,31
Bay,7/27/1992,5.1,7.6,8,0.35,0.95,28,86.9,30.5
Bay,8/3/1992,4.5,8,8,0.3,0.85,26,78.8,26
Bay,8/7/1992,4.7,8,8,0.33,0.6,23,77,25
Bay,8/14/1992,4.7,7.1,7.5,0.4,0.95,24.5,71.6,22
Bay,8/23/1992,3.9,8.5,8,0.4,0.8,24.5,78.8,26
Bay,8/31/1992,4.3,7.7,7.5,0.3,1,23,77,25
Bay,9/14/1992,4.8,9.2,8,0.38,0.38,19.5,71.6,22
Bay,9/20/1992,4.3,7.6,7.5,0.35,0.8,23.5,75.2,24
Bay,9/27/1992,5.4,9.8,8,0.25,0.45,24,79.7,26.5
Bay,10/5/1992,3.9,9.2,7.5,0.1,0.15,16,62.6,17
Bay,10/19/1992,4.1,9.8,7.5,0.1,1,12,50,10
Bay,10/26/1992,4.2,10.6,7,0.3,0.63,12.5,55.4,13
Bay,11/2/1992,3.4,10.6,7.5,0.35,0.65,16.5,63.5,17.5
Bay,11/16/1992,3.9,11,7.5,0.4,0.55,7.5,41.9,5.5
Bay,11/23/1992,3.9,9,7.85,0.25,0.85,18.5,70.7,21.5
Bay,11/30/1992,3.7,10.9,7.5,0.55,0.7,9,46.4,8
Bay,12/17/1992,4.1,10.8,7,0.15,0.5,12,59.9,15.5
Bay,12/20/1992,3.8,10.1,7,0.25,0.85,10.5,50.9,10.5
Bay,12/27/1992,4.7,13.2,7,0.25,0.45,5.5,41.9,5.5
Bay,1/4/1993,3.7,11,7,0.35,0.5,8,60.8,16
Bay,1/11/1993,3.5,11.9,7,0.25,0.25,9,44.6,7
Bay,1/24/1993,3.3,10.5,7,0.3,0.95,10.5,58.1,14.5
Bay,2/1/1993,2.9,12,7,0.2,0.85,6,49.1,9.5
Bay,2/8/1993,3.4,12.6,7,0.1,0.3,5,41.9,5.5
Bay,2/16/1993,3.5,12.4,7,0.3,0.75,8,53.6,12
Bay,2/22/1993,2.9,12.7,7,0.1,0.85,8,59,15
Bay,3/8/1993,3.9,10.7,7,0.1,1.15,10,56.3,13.5
Bay,3/15/1993,3.4,12.8,7,0.5,1.7,2.5,34.7,1.5
Bay,3/22/1993,3.3,11.2,7,0.15,0.4,10,51.8,11
Bay,3/29/1993,3,10,7,0.5,0.7,14.5,54.5,12.5
Bay,4/5/1993,2.5,10,7,0.35,0.8,10,44.6,7
Bay,4/12/1993,2.5,9.7,7,0.3,1,15.5,60.8,16
Bay,4/19/1993,3,10,7,0.3,1.15,14.5,53.6,12
Bay,4/26/1993,3.4,8.7,7,0.3,1.2,19,69.8,21
Bay,5/10/1993,3.2,8,7,0.4,0.85,21,69.8,21
Bay,5/17/1993,3.9,8,7,0.5,1,24,77,25
Bay,5/24/1993,2.9,9,7,0.3,0.85,20,71.6,22
Bay,6/14/1993,3.9,8.1,7,0.45,0.45,21.5,68.9,20.5
Bay,6/21/1993,3.8,7.2,7,0.55,1,26.5,80.6,27
Bay,6/28/1993,3.9,7.1,7,0.55,0.8,26.5,86,30
Bay,7/19/1993,4.2,7.3,7.5,0.45,0.75,27,81.5,27.5
Bay,8/2/1993,3.9,8,8,0.4,0.8,26.5,86,30
Bay,8/9/1993,3.5,9.1,8,0.3,0.55,25.5,79.7,26.5
Bay,9/27/1993,1.8,7.2,7.9,0.4,0.95,24.5,76.1,24.5
Bay,10/12/1993,1.5,8.8,7.8,0.3,0.5,16.5,59,15
Bay,10/18/1993,1.5,8.8,7.7,0.35,0.75,18,64.94,18.3
Bay,10/25/1993,1.8,10.6,8.4,0.4,0.6,15.6,66.02,18.9
Bay,11/8/1993,1.5,8.2,7.5,0.35,0.55,9.8,52.34,11.3
Bay,11/15/1993,1.4,9.6,7.9,0.4,0.8,17.3,72.5,22.5
Bay,11/29/1993,1.5,9.4,7.1,0.2,0.55,12.1,50.9,10.5
Bay,12/6/1993,1.5,9.8,7.4,0.25,0.75,10.5,48.74,9.3
Bay,12/13/1993,1.5,13,7.6,0.25,0.45,1.3,41.9,5.5
Bay,12/28/1993,1.5,12.1,7.1,0.3,0.7,3.8,39.74,4.3
Bay,1/16/1995,3,8.5,7.4,0.25,0.85,13.5,61.7,16.5
Bay,1/23/1995,3,10.75,7.1,0.2,0.7,4.5,46.4,8
Bay,2/13/1995,3,12.5,6.8,0.2,0.25,2,29.3,-1.5
Bay,3/6/1995,2.4,9.3,7.1,0.2,0.2,9.5,46.4,8
Bay,3/13/1995,2.4,9.9,6.9,0.28,0.65,11.5,59.9,15.5
Bay,3/20/1995,2.8,8.9,7.1,0.35,0.45,12.5,54.5,12.5
Bay,3/27/1995,2.4,9,7.1,0.25,0.45,11,53.6,12
Bay,4/3/1995,2.4,9.3,7.1,0.4,0.55,11.5,54.5,12.5
Bay,4/10/1995,3.2,8.5,7.1,0.25,0.7,15,48.2,9
Bay,4/18/1995,3,9,7.1,0.25,0.5,16,58.1,14.5
Bay,4/24/1995,3,9.7,7.4,0.25,0.55,12.5,50,10
Bay,5/1/1995,3.2,8.9,7.2,0.3,0.6,15,52.7,11.5
Bay,5/15/1995,3.3,6.8,6.8,0.3,0.55,21.5,74.3,23.5
Bay,5/22/1995,3.3,6.8,6.8,0.3,0.55,21.5,74.3,23.5
Bay,5/29/1995,3.5,8.5,7.5,0.4,0.4,22,80.6,27
Bay,6/5/1995,4,7.8,7.6,0.3,0.3,25,73.4,23
Bay,6/12/1995,3.5,7.7,7.9,0.4,0.9,26.5,77.9,25.5
Bay,6/19/1995,3.2,7.7,8,0.4,0.55,25,75.2,24
Bay,6/26/1995,4,8.8,8.3,0.5,0.8,28.5,82.4,28
Bay,7/10/1995,4,7,7.9,0.35,0.7,26,79.7,26.5
Bay,7/17/1995,4,7,8,0.45,1,30,84.2,29
Bay,7/24/1995,4.5,7.2,8.4,0.55,0.9,32,92.3,33.5
Bay,7/31/1995,4.5,7.6,8.1,0.5,0.8,29.5,84.2,29
Bay,8/7/1995,4.5,8.7,8.2,0.5,0.6,24,71.6,22
Bay,8/22/1995,5.5,7.4,8.8,0.3,0.5,25,81.5,27.5
Bay,8/29/1995,4.5,9.9,8.7,0.35,0.65,25.5,78.8,26
Bay,9/5/1995,4.8,10.5,9,0.3,0.75,26,80.6,27
Bay,9/12/1995,4.5,10.4,9.2,0.3,0.7,24.5,80.6,27
Bay,9/28/1995,4.8,9.5,8.7,0.3,0.7,21,75.2,24
Bay,10/5/1995,4.4,9.9,7.2,0.3,0.45,15.5,62.96,17.2
Bay,10/6/1995,5,8.9,8.5,0.45,1.15,24.5,81.5,27.5
Bay,10/11/1995,2.4,8.69,7.2,0.3,0.75,17.5,58.64,14.8
Bay,10/20/1995,2.2,9.71,7.6,0.35,0.73,15,56.48,13.6
Bay,10/23/1995,4.5,11.6,9,0.4,0.8,18.5,68.9,20.5
Bay,10/26/1995,2.8,8.15,6.7,0.38,0.75,19,67.28,19.6
Bay,10/30/1995,4.5,9.9,8.5,0.45,0.75,14,59.9,15.5
Bay,11/6/1995,4,11.8,8.5,0.55,0.55,9.5,51.8,11
Bay,11/13/1995,4.5,11.3,8.1,0.55,0.7,9.5,57.2,14
Bay,11/20/1995,4,11.8,8.4,0.55,0.55,8,50.9,10.5
Bay,11/27/1995,4,9.5,8.1,0.75,0.75,10,48.2,9
Bay,1/22/1996,4,11.7,7.4,0.4,0.55,4,39.2,4
Bay,1/29/1996,3.5,11.2,7.2,0.35,0.65,4,42.8,6
Bay,2/12/1996,3.5,10.8,7.1,0.35,0.6,5,44.6,7
Bay,2/26/1996,3,8.7,7.1,0.2,0.75,10.5,60.8,16
Bay,3/4/1996,3,11.5,7.4,0.3,0.45,3.5,38.3,3.5
Bay,3/18/1996,3,10.1,7,0.4,0.45,7.5,44.6,7
Bay,3/25/1996,3,10,7.2,0.35,0.7,10,61.7,16.5
Bay,4/8/1996,3,10.7,7.3,0.35,0.55,8,42.8,6
Bay,4/22/1996,3,9.2,8.2,0.4,0.95,21,71.6,22
Bay,4/29/1996,3,8.9,8,0.45,0.85,18,69.8,21
Bay,5/13/1996,3,9.2,8.1,0.3,0.7,17,57.2,14
Bay,5/20/1996,3,9,8.8,0.4,0.75,28,86,30
Bay,5/27/1996,3,9.6,8.6,0.25,0.6,19,63.5,17.5
Bay,6/3/1996,3,8.7,8.5,0.35,0.5,17,59.9,15.5
Bay,6/10/1996,3,8,8.1,0.45,1.02,24,67.1,19.5
Bay,6/17/1996,3,8.8,8.4,0.45,0.75,27,77,25
Bay,6/24/1996,3,8,8.6,0.55,0.8,26.5,77,25
Bay,10/5/1996,4.4,9.9,7.2,0.3,0.45,15.5,62.96,17.2
Bay,10/11/1996,2.4,8.69,7.2,0.3,0.75,17.5,58.64,14.8
Bay,10/20/1996,2.2,9.71,7.6,0.35,0.73,15,56.48,13.6
Bay,10/26/1996,2.8,8.15,6.7,0.38,0.75,19,67.28,19.6
Bay,11/3/1996,2,6.5,6.8,0.48,0.58,10.1,48.74,9.3
Bay,11/12/1996,1.9,11.43,7.1,0.45,0.55,6.2,41.414,5.23
Bay,11/17/1996,1.8,11.8,6.8,0.28,0.3,9.1,51.44,10.8
Bay,12/1/1996,1.9,10.9,6.9,0.4,0.6,11,63.5,17.5
Bay,12/8/1996,1.6,11.2,6.9,0.4,0.65,9.1,51.08,10.6
Bay,12/21/1996,1.8,12.25,6.9,0.31,0.61,5.21,38.3,3.5
Bay,1/5/1997,2,9.2,6.7,0.2,0.7,13.5,63.32,17.4
Bay,2/1/1997,1.5,10.9,6.6,2.5,3.5,10.1,62.06,16.7
Bay,2/15/1997,1.3,10.55,6.6,0.3,0.6,8.2,41,5
Bay,3/3/1997,1.8,9.45,6.9,0.3,0.54,14.1,48.02,8.9
Bay,3/15/1997,1.2,10.2,6.5,0.2,0.52,13.2,47.66,8.7
Bay,4/13/1997,1.2,9.8,6.9,0.28,0.74,17.1,68.18,20.1
Bay,4/19/1997,1.3,10.8,6.7,0.2,0.49,11,59.54,15.3
Bay,4/26/1997,1.1,10.1,6.8,0.25,0.55,15.5,59.36,15.2
Bay,5/4/1997,1.1,9.73,6.5,0.3,0.88,18,61.52,16.4
Bay,5/16/1997,1.3,10.2,6.6,0.35,0.7,20.5,68.36,20.2
Bay,5/24/1997,1.6,9.9,7.5,0.38,0.5,23,72.14,22.3
Bay,6/8/1997,1,10.5,6.3,0.1,0.15,18,61.7,16.5
Bay,6/21/1997,1.5,7.5,6.5,0.4,0.7,26.5,84.02,28.9
Bay,6/27/1997,1.5,8.5,8,0.5,0.62,29,78.4,25.77777778
Bay,7/6/1997,1.5,7.6,6.8,0.48,0.68,27,76.46,24.7
Bay,7/12/1997,1.5,8.55,6.4,0.4,0.4,27,80.06,26.7
Bay,7/20/1997,1.6,8.7,7.4,0.39,0.58,27.5,83.48,28.6
Bay,7/27/1997,1.5,9.7,7.8,0.38,0.69,27,86.72,30.4
Bay,7/29/1997,1.5,8.1,8,0.4,0.65,28,82,27.77777778
Bay,8/9/1997,1.7,9.8,8.6,0.38,0.5,27.5,78.62,25.9
Bay,8/15/1997,1.7,7.7,8.2,0.45,0.63,8.4,82.6,28.11111111
Bay,8/22/1997,1.7,9,8.2,0.38,0.67,25.5,77.7,25.38888889
Bay,8/30/1997,1.8,9.6,8.1,0.32,0.45,26,78.98,26.1
Bay,9/14/1997,1.9,9.6,7.9,0.21,0.61,24,78.62,25.9
Bay,10/5/1997,1.9,10.25,8.2,0.28,0.65,21.6,74.12,23.4
Bay,11/9/1997,1.8,10.6,6.5,0.35,0.65,12,51.62,10.9
Bay,12/6/1997,1.5,14.3,6.9,0.3,0.45,6,40.1,4.5
Bay,1/4/1998,1.5,12.3,6.4,0.25,0.5,8.9,57.2,14
Bay,1/25/1998,1.2,12.5,6.5,0.3,0.6,8.1,45.86,7.7
Bay,3/22/1998,1,11.1,6.4,0.25,0.71,11,48.74,9.3
Bay,5/2/1998,1,10.9,8.2,0.35,0.78,21.5,72.5,22.5
Bay,5/17/1998,1.1,9.3,6.8,0.25,0.48,23.5,80.78,27.1
Bay,6/14/1998,0.9,9.7,6.8,0.4,0.65,26,79.88,26.6
Bay,7/5/1998,1,8.4,6.9,0.32,0.65,26,82.04,27.8
Bay,7/25/1998,0.9,8.6,7.3,0.4,0.65,29,81.32,27.4
Bay,8/23/1998,1,11,8.8,0.3,0.62,28,85.1,29.5
Bay,9/12/1998,0.9,10.8,8.5,0.28,0.66,25,87.1,30.61111111
Bay,11/2/1998,1.1,10,6.9,0.3,0.35,14,58.28,14.6
Bay,11/21/1998,1,10.9,7.3,0.3,0.48,15,57.56,14.2
A,8/11/1999,3,2.6,7.7,0.6,0.6,26,80.96,27.2
A,9/8/1999,1.8,1.35,8.2,0.4,1,28,76.6,24.77777778
A,12/30/1999,1,7.8,6.9,0.65,0.85,8,42.8,6
B,8/11/1999,2.5,3.1,8.1,0.25,0.25,27,80.96,27.2
B,12/30/1999,0.2,6.1,6.9,0.25,0.25,7,41,5
C,8/11/1999,3,1.9,8.5,0.5,0.5,27,84.2,29
C,9/22/1999,1,3.7,7.8,0.8,0.8,18,60,15.55555556
C,10/27/1999,0,3.7,7.7,0.55,0.55,43,72,22.22222222
C,12/30/1999,0.1,7.3,6.9,0.7,0.7,5,41,5
D,8/11/1999,0.2,2.5,8.6,0.63,1.25,27,85.46,29.7
D,10/27/1999,0.4,3.4,7.4,0.95,1.35,42.5,72,22.22222222
D,11/10/1999,0,6.5,8,1.05,1.5,15,60,15.55555556
D,12/16/1999,0,7.8,8.9,0.8,1.4,11,49,9.444444444
D,12/30/1999,0,8.25,8,1.1,1.4,5,41,5
Bay,1/9/1999,1.2,11.2,7.2,0.28,0.5,9,58.82,14.9
Bay,8/11/1999,3,7,9.2,0.4,0.65,28,86.54,30.3
Bay,9/8/1999,2.2,1.9,8.5,0.9,0.95,28,76.6,24.77777778
Bay,10/15/1999,2,4.8,5.7,0.42,0.5,16,65,18.33333333
Bay,11/10/1999,1,7.5,8.1,5.5,5.5,14,60,15.55555556
Bay,12/16/1999,1,8.7,9.1,0.5,0.85,11,48,8.888888889
Bay,12/30/1999,0.1,6.1,7,0.25,0.45,5,41,5
A,2/29/2000,1.5,5,8.1,0.9,1.1,15,58,14.44444444
A,5/1/2000,0.5,3.6,7.1,0.9,1,23,75,23.88888889
A,5/15/2000,1,6.4,8.2,0.85,0.9,27,71,21.66666667
A,6/26/2000,1,5.5,8,0.55,0.55,30.5,84.2,29
A,7/24/2000,0.05,6.1,8,0.55,0.55,25,78,25.55555556
A,8/22/2000,0,5.2,7.5,0.65,0.65,25,72,22.22222222
A,10/4/2000,1.1,8.7,8.3,0.55,0.7,35,84,28.88888889
A,11/1/2000,0,9.75,8.2,0.65,0.65,16,58,14.44444444
A,12/18/2000,1,9.9,8.2,0.7,0.7,9,44,6.666666667
B,2/2/2000,1,6.4,7.1,0.35,0.35,5,46,7.777777778
B,3/13/2000,1.5,10,7.8,0.3,0.3,12.5,48,8.888888889
B,5/1/2000,1,3.5,7.5,0.15,0.15,25.5,75,23.88888889
B,5/15/2000,1.5,7.6,9.7,4,4.5,30,71,21.66666667
B,6/26/2000,1,8.3,8.8,0.05,0.1,30,82.4,28
B,7/24/2000,1,1.8,7.5,0,0.15,24,78,25.55555556
B,8/22/2000,0,2.4,7.8,0.35,0.35,22,71,21.66666667
B,9/18/2000,0.8,7.6,7.9,0.1,0.1,20,70,21.11111111
B,10/4/2000,1,8.5,8.5,0.1,0.1,30,84,28.88888889
B,11/1/2000,1,5.5,8.1,0.1,0.11,14,58,14.44444444
B,12/18/2000,1.5,7.2,7.9,0.2,0.4,7.5,43.4,6.333333333
C,2/2/2000,1,5.9,6.9,0.65,0.81,4,45,7.222222222
C,5/30/2000,0.5,7.9,8,0.5,0.5,15,58,14.44444444
C,6/13/2000,1,8.2,9.5,0.4,0.4,28,73,22.77777778
C,7/11/2000,0.01,5.7,8.2,0.5,0.5,32,80.6,27
C,8/10/2000,0,6.3,6.7,0.6,0.6,29,83,28.33333333
C,9/6/2000,0,6.3,8.1,0.55,0.55,21,72,22.22222222
C,10/26/2000,0.5,6.2,8.4,0.25,0.25,21.5,67,19.44444444
C,11/14/2000,1,6,7.4,0.3,0.3,13,55,12.77777778
C,12/11/2000,1,6.5,8.1,0.1,0.1,7.5,45,7.222222222
D,2/2/2000,0,7.1,7.2,1.4,1.4,4,45,7.222222222
D,2/29/2000,0,6.9,7,0.9,0.95,14,62,16.66666667
D,5/30/2000,0,6.3,8.2,0.1,1.6,15,50,10
D,7/11/2000,0,4.4,8.6,0.65,1.6,27,78.8,26
D,8/10/2000,0,4.1,5.6,0.65,1.6,28,83,28.33333333
D,9/6/2000,0,5,8.5,0.7,1.65,21,71.6,22
D,10/26/2000,0,8.5,8.8,0.7,1.05,19.5,66,18.88888889
D,11/14/2000,0,6.2,9,0.7,1.4,13,55,12.77777778
D,12/11/2000,0,10,9.3,1.1,1.3,7,45,7.222222222
Bay,2/2/2000,1.5,6.1,7.2,0.05,0.4,3,43,6.111111111
Bay,3/13/2000,1.5,9.75,8.6,0.45,0.5,12,45,7.222222222
Bay,5/1/2000,1,4.1,7.9,0.3,0.65,19.5,75,23.88888889
Bay,5/15/2000,1.2,8,8.7,0.4,0.45,23,71,21.66666667
Bay,6/13/2000,1.5,7.3,8.4,0.4,0.64,26,73.7,23.16666667
Bay,6/26/2000,1.5,7,8.5,0.5,0.85,26,83,28.33333333
Bay,7/11/2000,1,5,8.6,0.4,0.8,27,77,25
Bay,7/24/2000,1,6.4,8.2,0.4,0.55,25,78,25.55555556
Bay,8/10/2000,1.5,6,8.1,0.6,0.68,28,83,28.33333333
Bay,8/22/2000,1,7.1,8.7,0.3,0.45,22,71,21.66666667
Bay,9/6/2000,1,5.2,8.6,0.2,0.45,20,72,22.22222222
Bay,10/4/2000,0.8,7.3,8.6,0.3,0.7,27,83,28.33333333
Bay,10/26/2000,1,5.3,8.8,0.26,0.35,19.5,66,18.88888889
Bay,11/1/2000,1,4.8,9.2,0.3,0.3,16,57.7,14.27777778
Bay,11/14/2000,1,7.8,9.9,0.4,0.6,13,55,12.77777778
A,1/23/2001,1,5.7,8.4,0.7,0.7,5,38.8,3.777777778
A,2/20/2001,1,8.1,7.8,0.75,0.75,10,62,16.66666667
A,3/15/2001,0.5,7.7,8,0.65,0.85,13.5,52,11.11111111
A,5/8/2001,1,2.5,9.1,0.2,0.65,22,65,18.33333333
A,6/5/2001,1,5.5,8.7,0.8,0.8,24,71,21.66666667
A,7/5/2001,3,4.2,8.3,0.4,0.65,27,76,24.44444444
A,7/20/2001,1.5,4.9,9.2,0.5,0.5,26,72,22.22222222
A,8/8/2001,3,4.5,8.5,0.35,1.1,30,88,31.11111111
A,9/5/2001,3,3,0.3,0.35,1.1,26,76,24.44444444
A,9/18/2001,2,3.6,8.9,0.65,0.9,24,77,25
A,10/22/2001,3,3.8,8.4,0.6,0.85,19,70,21.11111111
A,11/6/2001,3,4.9,8.2,0.6,0.8,14,52.9,11.61111111
B,1/23/2001,1,7.8,8,0.3,0.3,6,38.8,3.777777778
B,2/20/2001,1.5,9.3,7.7,0.4,0.4,12,62,16.66666667
B,5/8/2001,2,3,8.7,0.01,0.01,25,65,18.33333333
B,6/5/2001,2,4.1,8.5,0.1,0.1,24,71,21.66666667
B,8/8/2001,3,2.3,8.3,0.2,0.2,30,84,28.88888889
B,9/5/2001,2.5,0,7.8,0.1,0.25,25,76,24.44444444
B,9/18/2001,3,1.5,8.5,0.25,0.35,23,78,25.55555556
B,10/22/2001,3,2.6,8.2,0.2,0.2,20,69,20.55555556
B,11/6/2001,3.5,4.2,8.3,0.2,0.2,13,52.9,11.61111111
C,1/8/2001,1,5.9,8.3,0.55,0.55,5,43,6.111111111
C,2/6/2001,1,6,7.9,0.6,0.6,10,52,11.11111111
C,3/26/2001,1,9.9,8.3,0.6,0.6,9,41,5
C,4/24/2001,1,4.8,8.1,0.4,0.4,23,73,22.77777778
C,5/22/2001,3,2.5,7.6,0.32,0.32,24,72,22.22222222
C,6/18/2001,2,4,8.4,0.3,0.3,27,77,25
C,8/20/2001,2.5,5.5,7.9,0.3,0.3,28,80,26.66666667
C,10/2/2001,3,6.1,8.3,0.25,0.25,23,73,22.77777778
D,1/8/2001,0,9.7,8.8,1,1.25,6,43,6.111111111
D,2/6/2001,0,8.4,8.7,1.1,1.4,10,52,11.11111111
D,3/26/2001,0,9.6,9,0.7,1.5,10,41,5
D,4/24/2001,0,4.1,9.3,0.8,1.4,19.5,72,22.22222222
D,5/22/2001,0,4.9,8.1,0.7,1.2,23,71,21.66666667
D,6/18/2001,0,5.5,8.7,0.5,0.9,26,77,25
D,8/20/2001,0,4.3,8.9,0.2,1.4,27,80,26.66666667
D,10/2/2001,0,3.9,8.7,0.7,1.1,19,73,22.77777778
Bay,1/8/2001,1,8.1,9.2,0.36,0.36,7,43,6.111111111
Bay,1/23/2001,1,9,9.3,0.1,0.1,8,38.3,3.5
Bay,2/6/2001,1,8.5,8.8,0.23,0.33,11,51,10.55555556
Bay,2/20/2001,1,9.2,9.1,0.2,0.35,11,61.5,16.38888889
Bay,3/15/2001,1.2,9.25,9.2,0.35,0.6,14,51.8,11
Bay,3/26/2001,1,9.9,9.4,0.25,0.45,10,41.7,5.388888889
Bay,4/24/2001,2,6.4,9.3,0.3,0.8,20,71,21.66666667
Bay,5/8/2001,2,5,8.6,0.15,0.15,21,64,17.77777778
Bay,5/22/2001,1,7.8,8.8,0.4,0.8,20,70,21.11111111
Bay,6/5/2001,2,4.35,9.2,0.4,0.4,23,70.9,21.61111111
Bay,6/18/2001,2,5.1,8.6,0.4,0.4,25,77,25
Bay,7/5/2001,3.5,5.4,8.7,0.25,0.75,26,75,23.88888889
Bay,7/20/2001,3,7.2,9.8,0.3,0.3,23,72,22.22222222
Bay,8/8/2001,3,4.1,9.1,0.4,0.7,30,80,26.66666667
Bay,8/20/2001,3,4.9,8.7,0.3,0.85,26,79.3,26.27777778
Bay,9/5/2001,3,4,8.5,0.35,0.55,25,76,24.44444444
Bay,9/18/2001,3.5,4.6,7.7,0.15,0.15,23,78,25.55555556
Bay,10/22/2001,3,4.6,8.6,0.6,0.6,19,67.3,19.61111111
Bay,11/6/2001,3,5.5,9.5,0.25,0.25,13,52.9,11.61111111
A,1/22/2002,3,2.7,7.8,0.8,1.3,9,51,10.55555556
A,2/26/2002,2,7.6,8.2,1.15,1.15,12,59,15
A,4/30/2002,1,2.3,7.5,0.4,1.1,22,60,15.55555556
A,6/11/2002,2,4.2,7,0.7,0.7,26,72,22.22222222
A,9/5/2002,0,4.5,7,0.6,0.8,26,81,27.22222222
A,12/6/2002,2,7.7,7,0.5,1,5,38,3.333333333
B,1/22/2002,2.5,7.2,7.9,0.45,0.45,8,50,10
B,2/26/2002,3,7.8,8.2,0.45,0.45,12,58,14.44444444
B,4/17/2002,2,4.2,8,0.1,0.2,27,83,28.33333333
B,4/30/2002,2,3.4,8.5,0.5,0.5,18,60,15.55555556
B,6/11/2002,3,3.3,7,0.1,0.1,25,71,21.66666667
B,9/5/2002,0,3.5,7.5,0.28,0.3,27,81,27.22222222
C,1/10/2002,3,6.8,7,0.4,0.4,9.5,54,12.22222222
C,5/28/2002,3.5,4.6,8,0.2,0.2,25,70,21.11111111
C,6/24/2002,3,3.8,8.5,0.2,0.2,28,83,28.33333333
D,1/10/2002,0,10,6.8,1.4,1.4,9,52,11.11111111
D,5/28/2002,0,6.1,6.5,0.3,1.3,24,70,21.11111111
D,9/20/2002,0,4.2,7,0.7,1.2,26,81,27.22222222
Bay,1/22/2002,3,9,9,0.3,0.35,59,49.9,9.944444444
Bay,2/26/2002,3,7.6,9.2,0.3,0.35,11,57,13.88888889
Bay,4/17/2002,3,4.4,7.5,0.3,0.7,25,80,26.66666667
Bay,4/30/2002,3,7.3,7.5,0.4,0.65,18.5,58,14.44444444
Bay,5/16/2002,2.5,8.3,7.5,0.2,0.7,20,62,16.66666667
Bay,5/28/2002,3,4.5,7.5,0.3,0.55,24,70,21.11111111
Bay,6/11/2002,3,5.9,8.5,0.3,0.65,23.5,70,21.11111111
Bay,6/24/2002,4,5.1,7.5,0.4,0.75,27,82,27.77777778
Bay,9/5/2002,3,6.5,7.5,0.5,0.7,27,80,26.66666667
Bay,10/31/2002,4,6.3,7.5,0.5,0.5,10,47.8,8.777777778
Bay,12/6/2002,2,9.6,7,0.1,0.1,5,37,2.777777778
Bay,12/16/2002,2,6.8,7,0.3,0.6,7.5,49,9.444444444
A,1/3/2003,0,8.1,6.5,0.9,1.1,15,53,11.66666667
A,3/20/2003,1,6.4,6.5,0.6,1,12,53,11.66666667
A,5/1/2003,0,3.9,6.5,0.45,1.15,23,75,23.88888889
A,6/5/2003,0,4.7,6.5,0.5,0.85,24,70,21.11111111
A,7/1/2003,0,2.7,6.5,0.4,1,28,76.5,24.72222222
A,8/7/2003,0,3,6.5,0.45,1,25,80.6,27
A,10/2/2003,0,5.6,6.5,0.6,0.9,20,64,17.77777778
A,11/6/2003,0,2.9,6.5,0.1,0.8,24,76,24.44444444
B,1/3/2003,0,6.6,7,0.2,0.2,13,53,11.66666667
B,2/20/2003,0,6.4,7.5,0.5,0.5,7,44,6.666666667
B,5/1/2003,0,7.3,7.5,0.6,0.6,25,76,24.44444444
B,6/5/2003,0,8.5,9.5,0.1,0.1,25.1,72,22.22222222
B,8/7/2003,0,3.2,7,0.2,0.2,25,77,25
B,10/2/2003,0.5,5.5,7,0.15,0.15,18,64,17.77777778
B,11/6/2003,1,4.7,7,0.15,0.15,25,76,24.44444444
B,12/1/2003,1,8.8,7.5,0.75,0.2,12,58,14.44444444
C,3/6/2003,1,3.2,7,0.7,0.7,14,58,14.44444444
C,4/21/2003,0,5.6,7,0.4,0.4,18,65,18.33333333
C,6/20/2003,0,4.5,7,0.5,0.5,24,73,22.77777778
C,7/17/2003,0,4.7,7,0.35,0.35,28,75,23.88888889
C,9/4/2003,0,4.7,7,0.15,0.15,27,83,28.33333333
C,10/23/2003,1,5.6,7.5,0.15,0.15,14,58,14.44444444
D,2/3/2003,0,7.4,6,1.2,1.5,6,46,7.777777778
D,6/20/2003,0,4.3,6,0.5,1.5,25,72.7,22.61111111
D,7/17/2003,0,2.9,6.5,0.5,1.4,28,75,23.88888889
D,9/4/2003,0,4.7,6.5,0.5,1.5,28,82,27.77777778
D,10/23/2003,1,4.4,6.5,1.1,1.5,14,57,13.88888889
D,11/20/2003,1,6.5,6.5,1.2,1.4,14.5,56,13.33333333
D,12/15/2003,2,7.1,6,1.5,1.7,12,48,8.888888889
Bay,1/3/2003,0,5.1,7,0.3,0.6,14,52,11.11111111
Bay,2/3/2003,0,6.6,7,0.4,0.4,7,45.9,7.722222222
Bay,3/6/2003,1,4.1,6.5,0.3,0.9,14,59.9,15.5
Bay,3/20/2003,2,3.8,7,0.2,0.3,11,52.9,11.61111111
Bay,4/21/2003,1,5.8,7,0.3,0.6,16,64.9,18.27777778
Bay,5/22/2003,2,6.3,6.5,0.3,0.5,20,60.4,15.77777778
Bay,6/20/2003,0,4.1,7,0.4,0.8,24,72.1,22.27777778
Bay,7/1/2003,0,5.2,6.5,0.4,0.7,27,26.5,-3.055555556
Bay,7/17/2003,0,3.8,6.5,0.4,0.8,26,74,23.33333333
Bay,8/7/2003,0,7,7.2,0.5,0.9,25,77,25
Bay,9/4/2003,4,3.7,7,0.5,0.75,27,81.9,27.72222222
Bay,10/23/2003,1,5.8,6.5,0.4,0.55,14,57,13.88888889
Bay,11/6/2003,1,6.5,6.5,0.75,0.75,23,76.3,24.61111111
Bay,11/20/2003,3,8.8,6.5,0.4,0.6,14,56,13.33333333
Bay,12/1/2003,3,8.7,6.5,0.2,0.75,11,58,14.44444444
Bay,12/15/2003,2,6.9,6,0.4,0.7,8,47,8.333333333
A,1/4/2004,1,8.5,7,0.65,1.05,5,33,0.555555556
A,2/5/2004,1,7,7,0.8,1.1,60,43,6.111111111
A,3/4/2004,0,7.5,7,1,1.2,16,64,17.77777778
A,4/1/2004,0,6.7,7,0.6,1,13,54,12.22222222
A,5/13/2004,0,3.9,6,0.7,0.8,26,77,25
A,6/17/2004,0,2.9,6.5,0.5,0.5,26,77,25
A,8/19/2004,0,3,6.5,0.95,0.95,27,80,26.66666667
A,9/16/2004,0,3.6,6.5,0.4,0.8,26,29,-1.666666667
A,11/18/2004,0,8,7,0.6,0.6,10,51,10.55555556
A,12/16/2004,2,6.3,7,0.9,1,5,34,1.111111111
B,1/4/2004,1,8.5,7,0.2,0.2,4,33,0.555555556
B,2/5/2004,1,6.6,7,0.25,0.25,5,43,6.111111111
B,3/4/2004,0,5.4,7,0.2,0.2,16,65,18.33333333
B,4/1/2004,1,7.2,8,0.3,0.3,13,54,12.22222222
B,5/13/2004,0,3.1,9,0.2,0.2,28,26,-3.333333333
B,7/22/2004,0,3.1,8,0.1,0.1,28.5,81,27.22222222
B,8/19/2004,0,2.8,6.5,0.2,0.2,28,82,27.77777778
B,9/16/2004,0,3.7,7,0.2,0.2,26,29,-1.666666667
B,10/21/2004,2,4.5,7,0.3,0.3,17,63,17.22222222
B,12/16/2004,4,5.7,7.5,0.2,0.2,4,35,1.666666667
C,2/19/2004,1,9.1,7,0.5,0.6,6,11.5,-11.38888889
C,3/18/2004,1,6.7,7,0.6,0.6,10,45,7.222222222
C,4/16/2004,1,7.4,7.5,0.4,0.4,14,52,11.11111111
C,6/3/2004,0,4.2,7.5,0.3,0.3,26,80,26.66666667
C,7/8/2004,0,3,7.5,0.5,0.5,29,80,26.66666667
C,8/5/2004,0,2.9,6.5,0.6,0.6,29,83,28.33333333
C,10/1/2004,0,5.3,7.5,0.3,0.3,23,72,22.22222222
C,11/5/2004,0,6.2,7,0.5,0.5,15,57,13.88888889
C,12/2/2004,1,4.2,7,0.5,0.5,12,55,12.77777778
D,1/20/2004,0,10,6.5,1.4,1.4,4,40,4.444444444
D,2/19/2004,1,10.1,6.5,1.5,1.5,6,37,2.777777778
D,4/16/2004,1,5.8,6.5,0.9,1.5,14,52,11.11111111
D,4/29/2004,0,4.9,6.5,1.1,1.35,19,62,16.66666667
D,6/3/2004,0,4.5,6.5,0.7,1.3,26,78,25.55555556
D,7/8/2004,0,2.6,6.5,0.6,1.65,29,78,25.55555556
D,8/5/2004,0,3.1,6.5,0.5,1.6,28,82,27.77777778
D,9/2/2004,0,3,6.5,0.4,1.4,25.2,78,25.55555556
D,10/1/2004,0,6.4,6.5,0.6,1.5,24,72,22.22222222
D,10/21/2004,1,3.3,6.5,0.8,0.8,17,63,17.22222222
D,12/2/2004,0,7.25,6.5,1.5,1.5,12,54,12.22222222
Bay,1/9/2004,1,8.2,6.5,0.4,0.4,6,33,0.555555556
Bay,1/20/2004,1,9.5,6.5,0.2,0.3,7,40,4.444444444
Bay,2/5/2004,0,5.9,6.5,0.2,0.25,15.5,43,6.111111111
Bay,2/19/2004,1,7.5,7,0.1,0.1,6,37,2.777777778
Bay,3/4/2004,1,3.7,6.5,0.1,0.5,15,64,17.77777778
Bay,3/18/2004,0,7.7,6.5,0.2,0.45,9,43.3,6.277777778
Bay,4/1/2004,0,7.6,7,0.1,0.1,14,52.5,11.38888889
Bay,4/16/2004,1,5.7,6.5,0.2,0.5,13,52,11.11111111
Bay,4/29/2004,0,7.1,6.5,0.35,0.45,16,62,16.66666667
Bay,6/3/2004,0,4.8,6.5,0.5,0.7,26,77,25
Bay,6/17/2004,0,3.3,6.5,0.5,0.8,25,77,25
Bay,7/8/2004,1,4.7,6.5,0.5,0.6,27,77,25
Bay,7/22/2004,2,3.1,6.5,0.5,0.55,27,79,26.11111111
Bay,8/5/2004,0,3.15,6.5,0.55,0.6,27,81.5,27.5
Bay,8/19/2004,0,4.75,6.5,0.4,0.8,26,79.9,26.61111111
Bay,9/2/2004,0,5.2,6.5,0.4,0.6,24,78,25.55555556
Bay,9/16/2004,0,4,6.5,0.45,0.65,24,29,-1.666666667
Bay,10/1/2004,1,4.3,7,0.4,0.7,23,71.8,22.11111111
Bay,10/21/2004,1,5.8,6.5,0.6,0.7,18,63,17.22222222
Bay,11/5/2004,1,5.9,6.5,0.5,0.6,14,57,13.88888889
Bay,11/18/2004,0,5.9,6.5,0.5,0.5,11,51,10.55555556
Bay,12/2/2004,0,6.3,6.5,0.4,0.65,11,53.6,12
Bay,12/16/2004,2,5.2,6.5,0.3,0.3,4,33,0.555555556
A,2/3/2005,0,5.5,7,0.8,0.8,5,38,3.333333333
A,3/3/2005,1,6.2,7,1.1,1.1,5,34,1.111111111
A,4/21/2005,0,3.3,7,0.3,0.9,19,70,21.11111111
A,5/24/2005,0,4.7,7,0.6,0.75,20,62,16.66666667
A,10/7/2005,0,3.4,6.5,0.6,0.8,24,77,25
A,12/1/2005,0,7,6.5,0.9,0.9,10,45,7.222222222
B,2/3/2005,0,6.7,7,0.3,0.3,34.5,38,3.333333333
B,3/3/2005,2,5.3,7,0.3,0.3,5,34,1.111111111
B,4/21/2005,0,5.4,8.5,0.2,0.2,20,71,21.66666667
B,5/24/2005,0,6,9,0.1,0.1,20,62,16.66666667
B,9/8/2005,0,2.4,7,0.1,0.1,26,74,23.33333333
B,10/7/2005,0,4.5,7,0.1,0.1,25,77,25
B,11/3/2005,0,5.7,6.5,0.15,0.15,13,59,15
B,12/1/2005,0,6.1,7,0.5,0.5,13,45,7.222222222
C,1/6/2005,1,4.3,7,0.4,0.4,13,58,14.44444444
C,2/17/2005,1,5.3,7,0.6,0.6,12,45,7.222222222
C,3/10/2005,1,6.9,7,0.7,0.7,6,45,7.222222222
C,6/3/2005,0,4.4,8,0.7,0.7,18,64,17.77777778
C,6/16/2005,0,4.8,8.5,0.6,0.6,34,88,31.11111111
C,8/11/2005,0,5.2,7.5,0.1,0.1,32,86,30
C,8/24/2005,0,3.6,7,0.3,0.3,25,73,22.77777778
C,9/22/2005,0,2.6,6.5,0.2,0.2,25,78,25.55555556
C,11/10/2005,0,5,7,0.3,0.3,17,59,15
D,1/6/2005,0,7.6,6.5,1.4,1.4,13,58,14.44444444
D,2/17/2005,0,6.6,6.5,1.3,1.5,10,44,6.666666667
D,3/10/2005,1,7.7,6.5,1.2,1.4,6,44,6.666666667
D,5/5/2005,0,5.2,6.5,1,1.4,17,58,14.44444444
D,6/3/2005,0,5,6.5,1,1.5,18,63,17.22222222
D,6/16/2005,0,4.3,6.5,0.8,1.4,34,88,31.11111111
D,7/21/2005,0,4.3,6.5,0.7,1.5,32,83,28.33333333
D,8/11/2005,0,2.9,6.5,0.4,0.8,31,85,29.44444444
D,9/22/2005,0,3.9,6.5,0.7,1,26,78,25.55555556
D,10/27/2005,0,5.9,6.5,1,1.4,14,51,10.55555556
D,11/10/2005,0,5.9,6.5,0.9,1.3,17,59,15
D,12/15/2005,0,10,6.5,0.8,0.9,5,46,7.777777778
Bay,1/6/2005,1,5.9,6,0.4,0.5,12,57.7,14.27777778
Bay,2/3/2005,0,7.3,6.5,0.15,0.15,6,37.4,3
Bay,2/17/2005,0,6.3,6.5,0.3,0.5,9,44,6.666666667
Bay,3/10/2005,1,7.4,6,0.2,0.4,6,44,6.666666667
Bay,4/21/2005,0,5.2,6,0.2,0.5,19,70,21.11111111
Bay,5/5/2005,0,6.9,6.5,0.4,0.4,15,58,14.44444444
Bay,5/24/2005,0,6.3,6.5,0.4,0.6,20,61,16.11111111
Bay,6/3/2005,0,6.6,6.5,0.6,0.7,18,63,17.22222222
Bay,7/14/2005,0,3.6,6,0.6,0.7,25,27,-2.777777778
Bay,7/21/2005,0,5.7,6,0.6,0.6,28,83,28.33333333
Bay,8/11/2005,0,3.7,6.5,0.6,0.6,27,85,29.44444444
Bay,8/24/2005,0,4.9,6,0.45,0.45,25,73,22.77777778
Bay,9/8/2005,0,5,6.5,0.1,0.1,74,76,24.44444444
Bay,9/22/2005,0,4.3,6,0.5,0.7,25,78,25.55555556
Bay,10/7/2005,0,5.3,6.5,0.6,0.7,24,72,22.22222222
Bay,10/27/2005,0,6.2,6.5,0.5,0.5,16,51,10.55555556
Bay,11/3/2005,0,5.7,6.5,0.5,0.5,14,57,13.88888889
Bay,11/10/2005,0,6.6,6.5,0.5,0.7,18,59,15
Bay,12/1/2005,0,7.2,6.5,0.45,0.45,11,43,6.111111111
Bay,12/15/2005,0,7.6,6.5,0.2,0.2,6,46,7.777777778
A,1/19/2006,0,7.7,6.5,1.1,1.1,9,46,7.777777778
A,2/9/2006,0,8.6,7,1,1.1,7,39.2,4
A,3/15/2006,0,7.8,7,1,1,14,44.6,7
A,6/1/2006,0,5,7,0.7,0.7,20,77,25
A,7/6/2006,0,3.6,6.5,0.9,1,28,73.4,23
A,11/16/2006,0,6,6.5,0.6,0.95,17,65,18.33333333
B,1/19/2006,0,5.7,7,0.2,0.2,8,46,7.777777778
B,3/15/2006,0,7.7,7,0.2,0.2,12,48.2,9
B,4/21/2006,0,8,7,0.2,0.2,18,62.6,17
B,6/1/2006,0,4.4,7,0.1,0.1,26,77,25
B,6/16/2006,0,3.8,6,0.4,0.4,23,68,20
B,7/6/2006,0,4.7,6.5,0.2,0.2,27,73.4,23
B,7/27/2006,0,2.9,6.5,0.2,0.2,29,79,26.11111111
B,9/7/2006,0,3.5,6.5,0.2,0.2,25,70,21.11111111
B,10/5/2006,0,8.2,7,0.4,0.4,23,73,22.77777778
B,11/16/2006,0,6.8,6.5,0.3,0.3,18,65,18.33333333
B,12/14/2006,0,7.7,6,0.1,0.2,15,58,14.44444444
C,1/3/2006,0,5.9,7,0.5,0.5,10,48,8.888888889
C,2/2/2006,0,8.8,7,0.5,0.5,9,54,12.22222222
C,3/9/2006,0,9.9,7.5,0.5,0.5,10,57.2,14
C,4/6/2006,0,8.2,8,0.4,0.4,14,59,15
C,5/5/2006,0,9,8.5,0.1,0.3,19,60.8,16
C,7/18/2006,0,2.7,6.5,0.2,0.2,26,73,22.77777778
C,8/17/2006,0,6.8,6.5,0.2,0.2,28,80,26.66666667
C,9/21/2006,0,5.2,6.5,0.4,0.4,20,66,18.88888889
C,11/6/2006,0,4.9,6.5,0.1,0.1,17,61,16.11111111
C,11/30/2006,0,6.9,6.5,0.1,0.1,14,65,18.33333333
D,1/3/2006,0,8.1,6.5,1.2,1.6,9,48,8.888888889
D,3/9/2006,0,8.7,6.5,1.4,1.4,10,56,13.33333333
D,4/6/2006,0,6.2,6.5,1.2,1.4,15,59,15
D,5/5/2006,0,6.6,6.5,1.4,1.4,19,60.8,16
D,8/17/2006,0,3.9,5,0.65,1.3,25,79,26.11111111
D,9/21/2006,0,5.8,6.5,0.9,1.5,20,66,18.88888889
D,10/19/2006,0,5.3,6.5,0.2,0.6,20,67,19.44444444
D,11/6/2006,0,5.9,6.5,1.3,1.3,13,60,15.55555556
D,11/30/2006,0,6.7,6.5,1.2,1.5,14.5,65,18.33333333
Bay,1/19/2006,0,7.5,6.5,0.3,0.7,9,45,7.222222222
Bay,2/2/2006,0,7.8,6.5,0.5,0.5,7,51.8,11
Bay,2/9/2006,0,8.7,6.5,0.4,0.4,7,30,-1.111111111
Bay,3/9/2006,1,9.7,6.5,0.2,0.4,10,59,15
Bay,3/15/2006,0,7.5,7,0.2,0.6,11,48,8.888888889
Bay,4/6/2006,0,7.7,6.5,0.5,0.5,13,53,11.66666667
Bay,4/21/2006,1,6.9,6.5,0.3,0.5,17,62.6,17
Bay,5/5/2006,0,7.4,6.5,0.1,0.1,19,60.8,16
Bay,5/17/2006,0,7.3,6.5,0.5,0.8,20,71.6,22
Bay,6/1/2006,0,6.1,6.5,0.5,0.65,25,77,25
Bay,6/16/2006,0,6.8,6.5,0.5,0.7,22,68,20
Bay,7/6/2006,0,6,6.5,0.4,0.8,27,73.4,23
Bay,7/18/2006,0,5.3,6,2,5,27,73,22.77777778
Bay,7/27/2006,0,6.9,6,0.4,0.6,28,78.8,26
Bay,8/17/2006,0,7.2,7,0.4,0.55,25,79,26.11111111
Bay,9/7/2006,0,6.3,7,0.45,0.9,23,70,21.11111111
Bay,9/21/2006,0,6.3,7,0.5,0.7,19,65,18.33333333
Bay,10/5/2006,0,7,7,0.4,0.7,22,73,22.77777778
Bay,10/19/2006,8,0.1,7,0.4,0.7,18,65,18.33333333
Bay,11/6/2006,0,7.6,6.5,0.3,0.3,11,60,15.55555556
Bay,11/16/2006,0,7.7,6.5,0.6,0.9,18,65,18.33333333
Bay,11/30/2006,0,6.3,6.5,0.5,0.7,14,65,18.33333333
Bay,12/14/2006,0,8,6.5,0.4,0.4,13,50,10
A,1/18/2007,0,9.8,7,0.7,0.7,7,47,8.333333333
A,2/15/2007,0,8.8,7,1,1,5,26,-3.333333333
A,8/2/2007,0,3.7,7,0.5,0.75,30,79,26.11111111
A,9/6/2007,0,2.3,7,0.8,0.8,26,81,27.22222222
A,11/12/2007,0,3.9,7,0.8,1,13,59,15
B,1/18/2007,0,6.8,7,0.3,0.3,6,47,8.333333333
B,2/15/2007,0,10,6.5,0.2,0.2,2,26,-3.333333333
B,3/21/2007,0,9.4,6.5,0.15,0.15,14,51,10.55555556
B,4/19/2007,0,8.1,6.5,0.2,0.2,13,32,0
B,5/24/2007,0,5.9,8.5,0.3,0.3,23,66,18.88888889
B,7/5/2007,0,3.1,7.5,0.3,0.3,25,73,22.77777778
B,8/2/2007,0,2.6,6.5,0.25,0.25,29,80,26.66666667
B,11/12/2007,0,6.2,7,0.4,0.4,12,57,13.88888889
C,2/2/2007,0,9.3,8,0.2,0.2,5,43,6.111111111
C,4/6/2007,0,8.4,7,0.4,0.4,15,47,8.333333333
C,5/3/2007,0,5.8,7.5,0.4,0.4,19,59,15
C,6/14/2007,1,5.1,8,0.3,0.3,21,67,19.44444444
C,8/21/2007,0,4.5,7,0.3,0.3,28,81,27.22222222
C,10/11/2007,0,4.3,7,0.3,0.3,21,66,18.88888889
C,11/1/2007,0,5.3,7,0.35,0.35,28,68,20
C,12/6/2007,0,6.2,7,0.5,0.75,5,37,2.777777778
C,12/20/2007,0,5.2,6.5,0.6,0.65,7,40,4.444444444
D,1/4/2007,0,7.6,5,1.2,1.6,54,12,-11.11111111
D,2/2/2007,0,10,6.5,2,2,5,43,6.111111111
D,4/6/2007,0,7.1,6,1,1.3,14,46,7.777777778
D,5/3/2007,0,5.9,6.5,0.9,2,20,59,15
D,6/14/2007,0,5.9,6.5,0.9,1.1,21,67,19.44444444
D,7/5/2007,0,3.9,6.5,0.5,0.9,24,82,27.77777778
D,8/21/2007,0,5.7,7,0.7,0.9,28,80,26.66666667
D,9/27/2007,0,4.1,8.5,0.5,0.8,26,73,22.77777778
D,10/11/2007,0,3.3,7,0.6,0.9,22,66,18.88888889
D,11/1/2007,0,5.9,7,0.75,1,28,68,20
D,12/6/2007,0,8.7,7,1,1,5,37,2.777777778
D,12/20/2007,0,6.3,6,1.1,1.1,7,40,4.444444444
Bay,1/4/2007,0,9,6.5,0.6,0.6,12,54,12.22222222
Bay,1/18/2007,0,10.1,6.5,0.2,0.2,6,47,8.333333333
Bay,2/2/2007,0,8.1,6.5,0.45,0.45,5,42,5.555555556
Bay,2/15/2007,0,9.3,6.5,0.3,0.3,3,26,-3.333333333
Bay,3/21/2007,0,8.7,6.5,0.3,0.37,11,51,10.55555556
Bay,4/6/2007,0,9.9,6.5,0.4,0.45,11,46,7.777777778
Bay,4/19/2007,0,8.7,6.5,0.1,0.2,13,57,13.88888889
Bay,5/3/2007,0,7.2,6.5,0.4,0.7,19,59,15
Bay,5/24/2007,0,6.9,7,0.5,0.6,20,65,18.33333333
Bay,6/14/2007,0,8.8,6.5,7.4,7.4,20,67,19.44444444
Bay,7/19/2007,0,4.7,7,0.3,0.7,27,80,26.66666667
Bay,8/2/2007,0,3.2,8,0.45,0.55,28,78,25.55555556
Bay,8/21/2007,0,5.1,7.5,0.4,0.8,26,80,26.66666667
Bay,9/6/2007,0,4.2,8.5,0.5,0.65,25,81,27.22222222
Bay,9/27/2007,0,3.2,8,0.5,0.9,25,73,22.77777778
Bay,10/11/2007,0,3.2,7,0.4,0.7,23,65,18.33333333
Bay,11/1/2007,0,3.7,7,0.4,0.7,28,68,20
Bay,11/12/2007,0,4.1,7,0.55,0.6,13,57,13.88888889
Bay,12/6/2007,0,6.8,7,0.25,0.25,5,37,2.777777778
Bay,12/20/2007,0,6.3,7,0.4,0.6,6,39,3.888888889
A,2/19/2008,0,5.1,6.5,0.7,2.1,12,46,7.777777778
A,3/21/2008,0,4.8,6.5,0.8,1.5,15,48,8.888888889
A,4/17/2008,0,4,6.5,0.5,1.2,16,59,15
A,5/22/2008,0,4.3,7,0.6,1,22,67,19.44444444
A,7/21/2008,1,3.8,6.5,0.7,1.3,32,85,29.44444444
A,9/23/2008,1,6.6,7,0.5,0.5,20,68,20
A,11/6/2008,1,6.8,6.5,0.8,0.85,15,60,15.55555556
B,1/17/2008,1,4.9,7,0.7,0.9,5,42,5.555555556
B,3/21/2008,0,6.9,8,0.6,0.6,13,49,9.444444444
B,4/17/2008,0,5.3,8.5,0.55,0.55,13,59,15
B,5/22/2008,0,5.2,7,0.4,0.4,22,68,20
B,7/21/2008,1,2.8,7.5,2.5,2.5,30,85,29.44444444
B,9/23/2008,2,3.9,7,0.1,0.2,20,68,20
B,11/6/2008,3,7,7.5,0.3,0.3,15,60,15.55555556
C,2/7/2008,0,4.3,7,0.7,0.7,16,61,16.11111111
C,3/7/2008,0,5.2,7,0.6,0.6,4,45,7.222222222
C,4/3/2008,0,6.5,7,0.3,0.5,13,48,8.888888889
C,5/8/2008,0,2.3,7,0.4,0.6,20,70,21.11111111
C,6/5/2008,0,5.4,8,0.25,0.4,29,78,25.55555556
C,7/3/2008,1,5.1,7,0.4,0.4,29,87,30.55555556
C,9/9/2008,1,3.1,7.5,0.2,0.2,28,74,23.33333333
C,10/9/2008,0,3.9,8,0.2,0.2,21,70,21.11111111
C,10/28/2008,1,6.3,8,0.4,0.5,10,45,7.222222222
C,11/18/2008,1,6.3,7,0.5,0.5,8,41,5
C,12/4/2008,0,7.1,6,0.9,1.5,8,47,8.333333333
C,12/16/2008,1,6.4,7.5,0.3,0.5,10,49,9.444444444
D,1/17/2008,1,5.1,6.5,0.9,1.3,6,42,5.555555556
D,2/7/2008,0,6.5,6.5,1.9,1.9,15,62,16.66666667
D,3/7/2008,0,8.1,6.5,1.2,2,4,45,7.222222222
D,4/3/2008,0,7,6.5,0.7,1.3,12,47,8.333333333
D,5/8/2008,0,2.2,6,0.3,1.5,20,70,21.11111111
D,6/5/2008,0,5,7,0.7,1.3,28,83,28.33333333
D,7/3/2008,1,4.6,7,0.6,1.2,27,83,28.33333333
D,8/7/2008,0,5,6.5,0.7,1.2,28,79,26.11111111
D,9/9/2008,1,6,6.5,0.7,1.2,27,73,22.77777778
D,10/9/2008,0,6,6.5,1,1.4,21,69,20.55555556
D,10/28/2008,1,8.1,6.5,1.2,1.4,12,45,7.222222222
D,11/18/2008,1,6,6.5,0.7,1.4,10,41,5
D,12/16/2008,1,6.4,6.5,0.7,1.5,11,49,9.444444444
Bay,1/17/2008,1,7.1,7,0.3,0.3,6,42,5.555555556
Bay,2/7/2008,0,3,7,0.2,0.8,15,61,16.11111111
Bay,2/19/2008,0,5.3,7,0.3,0.7,11,45,7.222222222
Bay,3/7/2008,0,4,7,0.3,0.7,5,45,7.222222222
Bay,3/21/2008,0,7.5,7,0.2,0.7,12,48,8.888888889
Bay,4/3/2008,1,7.9,7,0.3,0.4,12,47,8.333333333
Bay,4/17/2008,0,6.4,7,0.25,0.25,12,59,15
Bay,5/8/2008,0,5.3,7,0.3,1,20,70,21.11111111
Bay,6/5/2008,0,4.9,7.2,0.6,0.88,26,83,28.33333333
Bay,6/19/2008,4,6.2,7,0.5,0.6,24.5,75,23.88888889
Bay,7/3/2008,1,7.3,8,0.4,0.4,26,81,27.22222222
Bay,7/21/2008,2,5.6,8.5,0.6,0.7,28,83,28.33333333
Bay,8/7/2008,3,6.6,8,0.7,0.7,26,78,25.55555556
Bay,9/9/2008,2,4.5,6,0.7,0.825,25,73,22.77777778
Bay,9/23/2008,3,3.7,8,1,1,20,68,20
Bay,10/9/2008,0,5.3,7,0.5,0.6,20,68,20
Bay,10/28/2008,3,7,7.5,0.7,0.9,11,45,7.222222222
Bay,11/6/2008,3,5.9,7,0.2,0.3,20,59,15
Bay,11/18/2008,1,9.3,7,0.7,0.7,9,41,5
Bay,12/4/2008,1,6.6,7,0.7,0.7,7,47,8.333333333
Bay,12/16/2008,1,5.6,6.5,0.6,0.85,12,49,9.444444444
A,1/27/2009,0,6.9,6.5,0.5,0.8,4,38,3.333333333
A,2/19/2009,0,5.2,6.5,0.8,0.9,10,55,12.77777778
A,4/21/2009,0,3.7,6.5,0.4,0.6,19,61,16.11111111
A,5/21/2009,0,4.1,7,0.5,0.7,21,61,16.11111111
A,6/23/2009,0,4.2,7,0.5,0.5,16,73,22.77777778
A,7/21/2009,0,3.2,6.5,0.45,0.45,27,72,22.22222222
A,8/20/2009,0,3.5,6.5,0.5,0.5,29,80,26.66666667
A,9/17/2009,0,1.9,6.5,0.3,0.6,24,70,21.11111111
A,10/20/2009,0,6.3,6.5,0.5,0.5,14,42,5.555555556
A,12/1/2009,0,6.4,6.5,0.7,0.7,12,46,7.777777778
B,1/27/2009,0,8,7,0.3,0.3,4,38,3.333333333
B,2/19/2009,0,8,7,0.25,0.25,10,55,12.77777778
B,4/21/2009,0,5.3,8,0.4,0.6,21,62,16.66666667
B,5/21/2009,0,4.8,9,0.1,0.3,20,61,16.11111111
B,6/23/2009,0,0.8,8.5,0.2,0.2,27,73,22.77777778
B,7/21/2009,0,1.8,7,0.5,0.5,25,72,22.22222222
B,8/20/2009,0,4.3,7.5,0.4,0.4,29,81,27.22222222
B,9/17/2009,0,1.1,6.5,0.1,0.6,24,78,25.55555556
B,10/20/2009,0,6.8,7,0.5,0.5,13,58,14.44444444
B,12/1/2009,0,5.3,7,0.58,0.58,10,47,8.333333333
C,2/5/2009,0,8.4,7,0.5,0.5,1,26,-3.333333333
C,3/5/2009,0,7.5,6.5,0.5,0.5,8,40,4.444444444
C,4/5/2009,0,5.3,6.5,0.5,0.5,12,48,8.888888889
C,7/7/2009,0,4.2,6.5,0.35,0.35,26,75,23.88888889
C,9/1/2009,0,4.6,7.5,0.6,0.6,22,70,21.11111111
C,10/1/2009,0,4.2,7,0.3,0.3,21,69,20.55555556
C,11/20/2009,0,5.3,6.5,0.5,0.5,16,58,14.44444444
C,12/15/2009,2,6.3,6.5,0.67,0.67,11,51,10.55555556
D,2/5/2009,0,9.7,6.5,0.7,1.4,2,26,-3.333333333
D,4/5/2009,0,6.7,6.5,0.5,1.5,14,48,8.888888889
D,5/7/2009,0,5,7,0.6,1.7,23,70,21.11111111
D,6/2/2009,0,4,6.5,0.7,1.5,26,73,22.77777778
D,7/7/2009,0,4,6.5,1.6,1.7,26,75,23.88888889
D,9/1/2009,1,7.7,6,0.5,1.5,21,70,21.11111111
D,10/1/2009,0,3.8,6,1.6,1.7,20,69,20.55555556
D,11/20/2009,0,6,6,0.8,1.6,15,58,14.44444444
D,12/15/2009,2,7.2,5.5,1.3,1.65,10,51,10.55555556
Bay,1/27/2009,0,6.4,7,0.03,0.03,5,38,3.333333333
Bay,2/5/2009,1,9.1,7,0.3,0.3,2,26,-3.333333333
Bay,2/19/2009,1,9,7,3.5,3.5,12,55,12.77777778
Bay,3/5/2009,1,9,7,0.3,0.3,12,40,4.444444444
Bay,4/5/2009,0,7.5,7,0.3,0.8,15,48,8.888888889
Bay,5/7/2009,0,6.9,7,0.5,1.1,21,69,20.55555556
Bay,5/21/2009,0,8.1,8.5,0.03,0.03,19,60,15.55555556
Bay,6/2/2009,0,5.8,8.5,0.5,0.5,24,73,22.77777778
Bay,6/23/2009,0,6.6,9,0.7,0.7,24,73,22.77777778
Bay,7/7/2009,2,5.3,9,0.8,0.8,25,75,23.88888889
Bay,7/21/2009,1,3.1,8.5,0.65,0.65,25,72,22.22222222
Bay,8/4/2009,0,3.3,8.5,0.8,0.8,28,80,26.66666667
Bay,8/20/2009,0,3,7.5,0.8,0.8,27,80,26.66666667
Bay,9/1/2009,2,2.7,7,0.6,0.6,22,70,21.11111111
Bay,9/17/2009,2,4.1,7,0.8,0.8,24,70,21.11111111
Bay,10/1/2009,1,6.9,7,0.8,0.8,20,69,20.55555556
Bay,10/20/2009,0,2.3,7,0.4,0.4,12,56,13.33333333
Bay,11/5/2009,0,7.6,6.5,0.8,0.8,16,60,15.55555556
Bay,11/20/2009,2,7.2,7,0.7,0.9,16,58,14.44444444
Bay,12/1/2009,0,7.8,6.5,0.82,0.88,10,46,7.777777778
A,3/16/2010,0,5.7,6,0.5,0.7,12,44,6.666666667
A,4/23/2010,0,4,6.5,0.5,0.6,18,59,15
A,5/19/2010,0,4.6,6.5,0.6,0.7,20,59,15
A,6/15/2010,0,4.5,6.5,0.5,0.5,29,81,27.22222222
A,7/20/2010,0,4.1,6.5,0.5,0.9,28,84,28.88888889
A,8/17/2010,0,4.2,6.5,0.8,0.9,28,86,30
A,9/22/2010,0,4,7.5,0.5,0.8,26,75,23.88888889
A,11/16/2010,0,8.2,6.5,0.9,0.9,14,60,15.55555556
B,3/16/2010,0,8.1,7,0.55,0.6,11,44,6.666666667
B,4/23/2010,0,4,6.5,0.4,0.4,16,60,15.55555556
B,5/19/2010,0,5.2,7.5,0.4,0.4,16,59,15
B,6/15/2010,0,4.2,7,0.2,0.2,28,81,27.22222222
B,7/20/2010,0,3.7,7,0.4,0.4,29,84,28.88888889
B,9/22/2010,0,3.2,9,0.2,0.35,26,75,23.88888889
B,11/16/2010,0,4.3,8.5,0.2,0.2,16,60,15.55555556
B,12/21/2010,0,4.3,7,0.4,0.4,3,31,-0.555555556
C,3/5/2010,0,9.5,6.5,0.6,0.6,7,40,4.444444444
C,4/6/2010,0,5.1,6.5,0.5,0.5,22,72,22.22222222
C,5/6/2010,0,4.9,6.5,0.3,0.3,24,76,24.44444444
C,6/1/2010,0,5.1,7,0.3,0.3,25,77,25
C,7/8/2010,0,5.2,7.5,0.4,0.4,30,82,27.77777778
C,8/3/2010,0,4.5,6.5,0.4,0.4,28,83,28.33333333
C,9/2/2010,0,2.3,7,0.6,0.6,27,76,24.44444444
C,11/2/2010,0,7.3,7.5,0.5,0.5,13,55,12.77777778
C,12/7/2010,0,8.8,7,0.5,0.5,2,30,-1.111111111
D,3/5/2010,0,8.7,6.5,1.2,1.5,6,40,4.444444444
D,4/6/2010,0,6.3,6,0.7,1.7,22,72,22.22222222
D,5/6/2010,0,5,6.5,0.8,1.5,25,76,24.44444444
D,6/1/2010,0,5.2,6,0.7,1.5,25,77,25
D,7/8/2010,0,5.2,6.5,0.7,1.2,31,81,27.22222222
D,8/3/2010,0,6,6.5,0.8,1.2,28,82,27.77777778
D,9/2/2010,0,2.7,6.5,0.85,1.2,26,76,24.44444444
D,10/14/2010,0,5.9,6.5,0.8,1.3,19,68,20
D,11/2/2010,0,7.2,6.5,1,1.4,13,55,12.77777778
D,12/7/2010,0,10.3,6,1.1,1.1,2,30,-1.111111111
Bay,3/5/2010,0,7.7,6.5,0.2,0.4,10,40,4.444444444
Bay,3/16/2010,0,7.9,6.5,0.3,0.8,10,44,6.666666667
Bay,4/6/2010,1,5.9,6.5,0.8,1,20,72,22.22222222
Bay,4/23/2010,1,6.7,6.5,0.6,0.6,16,58,14.44444444
Bay,5/6/2010,0,6.5,7,0.75,0.9,23,76,24.44444444
Bay,5/19/2010,0,7,6.5,0.5,0.6,17,59,15
Bay,6/1/2010,0,6.8,7,0.7,0.9,25,77,25
Bay,6/15/2010,0,5.4,7,0.5,0.5,28,80,26.66666667
Bay,7/8/2010,0,3.6,8.5,0.4,0.45,29,81,27.22222222
Bay,7/20/2010,0,3.9,7,0.7,1,27,82,27.77777778
Bay,8/3/2010,0,5.1,7,0.5,0.5,26,82,27.77777778
Bay,8/17/2010,0,3.1,8,0.5,0.9,27,86,30
Bay,9/2/2010,0,3.3,7,0.5,0.7,26,76,24.44444444
Bay,9/22/2010,0,5,8.5,0.6,0.8,26,74,23.33333333
Bay,11/2/2010,0,5,7.5,0.4,0.4,12,55,12.77777778
Bay,11/16/2010,0,6.7,8,0.5,0.8,15,60,15.55555556
Bay,12/7/2010,0,5.7,7,0.3,0.5,4,30,-1.111111111
A,3/24/2011,0,3,6.5,0.4,1,14,48,8.888888889
A,4/28/2011,0,4,6.5,0.3,0.3,24,76,24.44444444
A,5/26/2011,0,2.4,7.5,0.7,0.8,28,79,26.11111111
A,6/23/2011,0,5.7,7.5,0.5,0.8,27,87,30.55555556
A,7/28/2011,0,3.2,7.5,0.8,0.8,31,87,30.55555556
A,9/8/2011,0,5,6.5,0.5,0.8,27,78,25.55555556
A,10/13/2011,0,4,6.5,0.7,0.8,22,75,23.88888889
A,12/8/2011,0,8,7,0.8,0.9,12,47,8.333333333
B,1/4/2011,0,7.2,6.5,0.4,0.4,5,32,0
B,3/24/2011,0,3.9,7,0.5,0.5,14,48,8.888888889
B,6/23/2011,0,5.8,8,0.3,0.3,27,89,31.66666667
B,7/28/2011,0,2.4,7,0.4,0.4,30,85,29.44444444
B,9/8/2011,0,3.1,6.5,0.1,0.2,27,78,25.55555556
B,10/13/2011,0,3,7,0.05,0.05,22,75,23.88888889
B,11/10/2011,0,7.9,7.5,0.2,0.2,19,60,15.55555556
B,12/8/2011,0,5,7,0.1,0.4,13,47,8.333333333
C,1/18/2011,0,5.1,6.5,0.6,0.8,5,40,4.444444444
C,4/14/2011,0,5.6,8,0.3,0.3,19,58,14.44444444
C,4/28/2011,0,3.6,7,0.17,0.17,23,76,24.44444444
D,1/18/2011,0,10,6.5,1.4,1.4,6,39,3.888888889
D,4/14/2011,0,6.9,6.5,0.9,1.4,19,58,14.44444444
D,6/9/2011,0,4.8,7,0.6,1.2,29,85,29.44444444
D,7/14/2011,0,5.6,6.5,0.8,1.1,27,76,24.44444444
D,8/11/2011,0,2,7,0.9,0.9,29,82,27.77777778
D,9/22/2011,0,4.6,6.5,0.6,1.4,25,78,25.55555556
D,12/22/2011,0,9.8,7,1,1.4,16,60,15.55555556
Bay,1/4/2011,0,3.1,6.5,0.2,0.45,5,31,-0.555555556
Bay,1/18/2011,0,6.2,7,0.2,0.6,7,39,3.888888889
Bay,2/8/2011,0,3.8,6.5,0.2,0.6,8,46,7.777777778
Bay,3/24/2011,0,3.3,7,0.2,0.55,33,52,11.11111111
Bay,4/14/2011,0,3.5,7,0.4,0.6,16.5,58,14.44444444
Bay,4/28/2011,0,5.2,7,0.3,1.3,23,76,24.44444444
Bay,5/26/2011,0,3.7,7.5,0.5,0.9,25,79,26.11111111
Bay,6/9/2011,0,3.2,8,0.4,0.8,27,85,29.44444444
Bay,6/23/2011,0,5.6,8,0.5,0.9,26,80,26.66666667
Bay,7/14/2011,0,3,8.5,0.4,0.6,26,75,23.88888889
Bay,7/28/2011,0,2,9,0.5,0.7,29,85,29.44444444
Bay,8/11/2011,0,3.5,9,0.4,0.7,28,82,27.77777778
Bay,9/8/2011,0,5,7,0.6,1.1,26,78,25.55555556
Bay,9/22/2011,0,5.3,8,0.5,0.7,24,78,25.55555556
Bay,10/13/2011,0,4.2,7.5,0.5,0.7,21,75,23.88888889
Bay,10/27/2011,0,7.4,7.5,0.5,0.9,16,62,16.66666667
Bay,11/10/2011,0,5.2,7.5,0.7,0.7,16,60,15.55555556
Bay,11/22/2011,0,7.3,7,0.2,0.6,16,61,16.11111111
Bay,12/8/2011,0,7.9,7,0.35,0.7,12,47,8.333333333
Bay,12/22/2011,0,7.8,7,0.3,0.7,17,60,15.55555556
A,1/11/2012,0,8.2,6.5,0.9,0.9,12,53,11.66666667
A,2/9/2012,0,5.8,7,1,1,8,39,3.888888889
A,4/12/2012,0,7,7,0.6,0.7,14,51,10.55555556
A,5/10/2012,0,4.5,7,0.7,0.9,21,63,17.22222222
A,6/14/2012,0,4.9,7,0.6,0.7,22,69,20.55555556
A,8/9/2012,0,3,7,0.5,0.9,28,80,26.66666667
A,9/4/2012,0,4.3,6.5,0.7,0.7,28,80,26.66666667
A,11/29/2012,0,9,6.5,0.2,0.2,8,48,8.888888889
B,1/11/2012,0,6,7,0.3,0.3,11,54,12.22222222
B,2/9/2012,0,7.5,7,0.3,0.3,8,39,3.888888889
B,3/1/2012,0,6.3,7.5,0.2,0.4,16,69,20.55555556
B,4/12/2012,0,7,7.5,0.3,0.3,13,51,10.55555556
B,5/10/2012,0,6.7,7,0.5,0.5,20,64,17.77777778
B,6/14/2012,0,4.5,7.5,0.2,0.2,22,70,21.11111111
B,8/9/2012,0,2.9,7.5,0.3,0.4,27,80,26.66666667
B,10/19/2012,0,7.1,7,0.4,0.4,20,70,21.11111111
B,11/29/2012,0,9.7,7,0.4,0.4,9,49,9.444444444
D,1/26/2012,0,7.2,6.5,1.2,1.4,11,50,10
D,2/21/2012,0,10,6.5,1,1.5,8,46,7.777777778
D,3/8/2012,0,9.5,6.5,1.2,1.5,14,58,14.44444444
D,4/26/2012,0,7.4,6.5,0.8,1.4,17,63,17.22222222
D,5/24/2012,0,6.1,6.5,0.9,1.5,25,72,22.22222222
D,6/28/2012,0,5,6.5,0.6,1.3,27,73,22.77777778
D,7/19/2012,0,4.2,7,0.8,1.4,30,82,27.77777778
D,8/23/2012,0,5.5,6.5,0.7,1.4,26,76,24.44444444
D,10/4/2012,0,5.8,6.5,0.9,1.2,24,75,23.88888889
D,10/19/2012,0,5.5,7.5,0.6,0.8,22,70,21.11111111
D,11/8/2012,0,8.6,6,0.5,1.5,9,45,7.222222222
D,12/13/2012,0,8.8,6.5,0.9,1.6,9,48,8.888888889
Bay,1/11/2012,0,6.9,7.5,0.2,0.7,12,54,12.22222222
Bay,1/26/2012,0,6.5,7,0.2,0.8,11,50,10
Bay,2/9/2012,0,5.3,7.5,0.2,0.3,8,39,3.888888889
Bay,2/21/2012,0,6.2,7,0.2,0.2,8,46,7.777777778
Bay,3/8/2012,0,7.2,7,0.4,0.6,13,58,14.44444444
Bay,4/12/2012,0,6.5,8,0.4,0.6,11,51,10.55555556
Bay,4/26/2012,0,7.1,7.5,0.4,0.8,17,63,17.22222222
Bay,5/10/2012,0,5.3,8,0.4,0.7,19,63,17.22222222
Bay,5/24/2012,0,6.1,8.5,0.5,0.8,24,72,22.22222222
Bay,6/14/2012,0,3.9,8.5,0.5,0.7,22,69,20.55555556
Bay,7/19/2012,0,5.9,8.5,0.5,0.9,28,82,27.77777778
Bay,8/23/2012,0,6.1,8,0.5,0.7,25,77,25
Bay,9/4/2012,0,3.7,7,0.3,0.8,25,85,29.44444444
Bay,10/4/2012,0,4.8,8,0.5,0.7,24,75,23.88888889
Bay,11/8/2012,0,7.6,7,0.2,0.2,10,45,7.222222222
Bay,11/29/2012,0,8.9,7,0.1,0.5,7,48,8.888888889
Bay,12/13/2012,0,8.4,7,0.2,0.3,9,48,8.888888889
A,1/10/2013,0,6.9,6.5,0.8,0.9,8,48,8.888888889
A,4/11/2013,0,5.9,6,0.4,0.9,21,67,19.44444444
A,5/8/2013,0,5.6,7,0.5,0.6,22,70,21.11111111
A,6/13/2013,0,6.1,7.5,0.7,0.7,29,83,28.33333333
A,7/11/2013,0,4.1,7,0.7,0.9,26,81,27.22222222
A,8/8/2013,0,5.3,6,0.1,0.7,28,80,26.66666667
A,9/12/2013,0,4.8,7,0.6,0.6,26,75,23.88888889
A,11/12/2013,0,7,7,0.5,0.7,13,54,12.22222222
B,4/11/2013,0,5.8,7.5,0.4,0.4,20,68,20
B,5/8/2013,0,4.2,8,0.2,0.2,22,68,20
B,6/13/2013,0,5.4,8,0.2,0.2,29,83,28.33333333
B,8/8/2013,0,6.4,8,0.3,0.3,27,80,26.66666667
B,12/4/2013,0,5,7,0.2,0.2,11,51,10.55555556
D,2/28/2013,0,9.8,6.5,1.5,1.5,9,48,8.888888889
D,3/28/2013,0,10,6.5,1.4,1.6,8,48,8.888888889
D,4/26/2013,0,8.6,6.5,0.3,1.5,15,54,12.22222222
D,5/25/2013,0,5.5,6,0.5,1.5,24,72,22.22222222
D,7/25/2013,0,3.8,6.5,0.7,1.8,27,72,22.22222222
D,8/8/2013,0,6.8,7,0.9,1.3,26,79,26.11111111
D,8/22/2013,0,4.2,6.5,1.1,1.5,27,78,25.55555556
D,9/26/2013,0,6.1,6.7,0.9,1.1,20,69,20.55555556
D,10/22/2013,0,7,6.5,1,1.2,17,58,14.44444444
D,11/19/2013,0,9.6,6.5,1.2,1.2,12,52,11.11111111
D,12/11/2013,0,8.65,6.5,0.8,0.8,8,38,3.333333333
Bay,1/10/2013,0,8.5,7,0.4,0.5,9,48,8.888888889
Bay,1/24/2013,0,8.7,7,0.1,0.4,3,32,0
Bay,2/14/2013,0,7.7,7,0.7,2.5,9,45,7.222222222
Bay,2/28/2013,0,8.5,7,0.2,0.7,10,48,8.888888889
Bay,3/28/2013,0,10,7,0.2,0.3,8,48,8.888888889
Bay,4/11/2013,0,8,7,0.3,0.9,20,64,17.77777778
Bay,4/26/2013,0,8.9,7,0.2,0.2,14,54,12.22222222
Bay,5/8/2013,0,8.2,7,0.3,0.7,19,67,19.44444444
Bay,5/25/2013,0,6.1,7.5,0.4,0.9,24,72,22.22222222
Bay,6/13/2013,0,6.9,7.5,0.5,0.7,26,81,27.22222222
Bay,6/25/2013,0,6.7,7.5,0.4,0.9,26,78,25.55555556
Bay,7/11/2013,0,6.8,7.5,0.5,0.9,26,81,27.22222222
Bay,7/25/2013,0,5.9,8,0.5,0.8,26,72,22.22222222
Bay,8/8/2013,0,6.8,8.5,0.5,0.8,24,79,26.11111111
Bay,8/22/2013,0,6,8.5,0.5,0.7,26,78,25.55555556
Bay,9/12/2013,0,4.3,8,0.5,0.8,25,75,23.88888889
Bay,9/26/2013,0,6.1,8.5,0.3,0.4,19,69,20.55555556
Bay,10/22/2013,0,7.9,7,0.7,0.8,16,58,14.44444444
Bay,11/12/2013,0,9.8,7.5,0.4,0.6,11,54,12.22222222
Bay,11/19/2013,0,7.1,7,0.3,0.5,12,52,11.11111111
Bay,12/4/2013,0,7,7.5,0.2,0.5,11,50,10
Bay,12/11/2013,0,8.35,7,0.2,0.5,8,38,3.333333333
D,1/3/2014,0,7.9,6.5,1.1,1.2,5,26,-3.333333333
Bay,1/3/2014,0,7.3,7,0.1,0.4,5,26,-3.333333333
A,1/14/2014,0,6.8,6.5,0.5,0.5,11,53,11.66666667
Bay,1/14/2014,0,8.7,7,0.4,0.6,11,53,11.66666667
D,2/11/2014,0,10,6.5,0.8,1.4,2,29,-1.666666667
Bay,2/11/2014,0,8.8,7,0.2,0.2,3,29,-1.666666667
A,2/25/2014,0,6,6.5,0.3,0.5,9,41,5
B,2/25/2014,0,8.1,7,0.3,0.3,8,41,5
Bay,2/25/2014,0,6.9,7,0.3,0.5,9,41,5
Bay,3/12/2014,0,8.2,7.5,0.2,0.5,14,57,13.88888889
D,3/12/2014,0,8.2,6,1.2,1.4,14,54,12.22222222
Bay,3/27/2014,0,10,7,0.2,0.3,4,40,4.444444444
D,4/10/2014,0,8.2,6.5,0.9,1.6,16,53,11.66666667
Bay,5/7/2014,0,6.8,7,0.5,0.9,18,60,15.55555556
D,5/7/2014,0,6.6,6.5,0.5,1.5,19,60,15.55555556
Bay,5/20/2014,0,7.3,7.5,0.4,0.5,18,67,19.44444444
A,5/20/2014,0,3,6.5,0.2,0.3,21,67,19.44444444
B,5/20/2014,0,3.86,7.5,0.5,0.5,20,68,20
Bay,6/10/2014,0,5.4,7,0.4,0.8,15,72,22.22222222
A,6/10/2014,0,0,7,0.5,0.7,27,74,23.33333333
B,6/10/2014,0,0,8,0.3,0.3,27,23,-5
C,6/10/2014,0,4.3,7,0.8,1.3,27,23,-5
A,6/24/2014,0,4,7,0.6,0.6,25,78,25.55555556
B,6/24/2014,0,6,7,0.1,0.1,27,78,25.55555556
Bay,6/24/2014,0,4.2,8,0.4,0.6,24,78,25.55555556
D,7/8/2014,0,5.8,6.5,1,1.3,28,83,28.33333333
Bay,7/8/2014,0,4.2,7.5,0.5,0.8,25,83,28.33333333
Bay,7/22/2014,0,3.7,7.5,0.4,0.6,26,80,26.66666667
D,7/22/2014,0,5.3,7,0.8,1.3,27,80,26.66666667
Bay,8/12/2014,0,3.9,8,4.5,7.5,25,79,26.11111111
A,8/12/2014,0,3,8,0.1,0.1,26,80,26.66666667
B,8/12/2014,0,2.4,6.5,0.5,0.8,26,80,26.66666667
D,8/28/2014,0,5.3,6.5,1,1.5,25,78,25.55555556
Bay,8/28/2014,0,3.9,8.5,0.35,0.45,24,78,25.55555556
A,9/10/2014,0,4.6,6.5,0.4,0.4,24,75,23.88888889
B,9/10/2014,0,3.7,6.5,0.2,0.2,25,75,23.88888889
Bay,9/10/2014,0,2.7,7.5,0.5,0.8,24,75,23.88888889
Bay,9/23/2014,0,7,8,0.4,0.6,20,63,17.22222222
A,10/7/2014,0,6.4,7,0.3,0.3,20,67,19.44444444
B,10/7/2014,0,5.9,7,0.1,0.1,17,67,19.44444444
D,10/21/2014,0,7.6,6,1.3,1.3,18,68,20
Bay,10/21/2014,0,6.5,7.5,0.4,0.7,16.5,68,20
Bay,11/13/2014,0,7,7,0.3,0.4,13,51,10.55555556
A,11/13/2014,0,7.2,6.5,0.3,0.3,14,51,10.55555556
B,11/13/2014,0,6.2,7.5,0.15,0.15,13,51,10.55555556
Bay,12/2/2014,0,9.8,7,0.4,0.6,11,48,8.888888889
D,12/2/2014,0,9.7,6,1.2,1.2,10,48,8.888888889
Bay,12/19/2014,0,7.6,9,0.5,0.5,11,42,5.555555556
A,12/19/2014,0,7.3,7,0.6,1,7,42,5.555555556
B,12/19/2014,0,6.3,6.5,0.15,0.15,7,42,5.555555556
Bay,1/6/2015,0,8.9,7,0.4,0.6,9,38,3.333333333
D,1/6/2015,0,9,6.5,1.3,1.5,9,38,3.333333333
Bay,1/20/2015,0,8.3,7,0.2,0.6,7,44,6.666666667
D,1/20/2015,0,9,6.5,1,1.4,8,45,7.222222222
A,2/3/2015,0,9.7,6.5,0.4,0.5,3,32,0
B,2/3/2015,0,7.6,6.5,0.3,0.3,3,35,1.666666667
D,2/24/2015,0,10,6.5,0.1,0.15,0,25,-3.888888889
Bay,2/24/2015,0,9.2,7,0.2,0.2,3,25,-3.888888889
Bay,4/21/2015,0,7.1,7,0.3,0.9,20,65,18.33333333
A,4/21/2015,0,4,6.5,0.3,0.4,19,65,18.33333333
Bay,4/7/2015,0,8.2,7,0.2,0.6,15,64,17.77777778
D,4/7/2015,0,7.4,6.5,0.9,1.3,16,64,17.77777778
Bay,3/24/2015,0,10,7,0.3,0.3,9,40,4.444444444
B,3/24/2015,0,10,7,0.4,0.5,9,41,5
A,3/24/2015,0,7.8,7,0.3,0.3,10,41,5
Bay,5/7/2015,0,6.3,7.5,0.3,0.6,20,65,18.33333333
D,5/7/2015,0,7.7,7,1.1,1.3,20,65,18.33333333
Bay,6/1/2015,0,4.3,7.5,0.4,0.9,25,74,23.33333333
D,6/1/2015,0,5.8,7,0.2,0.9,27,75,23.88888889
Bay,6/11/2015,0,5,8.5,0.4,0.8,26,78,25.55555556
B,6/11/2015,0,4,8,0.5,0.5,27,83,28.33333333
A,6/11/2015,0,5.1,8,0.5,0.6,28,84,28.88888889
B,7/23/2015,0,7,7.5,0.3,0.3,31,82,27.77777778
A,7/23/2015,0,6,7.5,0.4,0.4,30,82,27.77777778
Bay,7/23/2015,0,7,9,0.5,0.8,27,81,27.22222222
Bay,9/22/2015,0,4.5,8,0.3,0.3,23,73,22.77777778
Bay,9/9/2015,0,2.9,9,0.05,0.05,26,81,27.22222222
Bay,10/7/2015,0,5.5,7,0.3,0.5,18,65,18.33333333
A,10/13/2015,0,6.7,7,0.4,0.4,15,52,11.11111111
B,10/13/2015,0,6,7,0.05,0.05,12,50,10
Bay,10/13/2015,0,4.9,7,0.4,0.6,12,50,10
D,11/3/2015,0,6.6,6.5,1.2,1.3,18,65,18.33333333
Bay,11/3/2015,0,6.6,7,0.4,0.6,28,65,18.33333333
Bay,11/17/2015,0,5.5,7.5,0.25,0.8,13,55,12.77777778
A,11/17/2015,0,6.5,6.5,0.5,0.5,15,56,13.33333333
B,11/17/2015,0,8,7,0.1,0.1,14,55,12.77777778
D,12/15/2015,0,6.6,6,0.7,1.8,16,63,17.22222222
Bay,12/15/2015,0,7.9,7,0.5,0.8,17,63,17.22222222
D,12/30/2015,0,6.2,6,0.7,1.4,19,59,15
Bay,12/30/2015,0,8.7,7,0.7,0.9,18,59,15
A,1/13/2016,0,6.5,6.5,0.5,0.8,7,39,3.888888889
Bay,1/13/2016,0,9.1,7,0.5,0.9,5,39,3.888888889
B,1/13/2016,0,6.6,6.5,0.3,0.3,5,40,4.444444444
D,2/11/2016,0,10,5.5,0.6,1.3,3,27,-2.777777778
Bay,2/11/2016,0,9.5,7,0.1,0.2,5,27,-2.777777778
Bay,2/23/2016,0,9,7,0.4,0.6,11,48,8.888888889
A,2/23/2016,0,7.5,6.5,0.5,1,11,48,8.888888889
Bay,3/8/2016,0,9.5,7,0.3,0.7,11,60,15.55555556
D,3/8/2016,0,9.5,6.5,0.9,1.8,12,60,15.55555556
A,3/22/2016,0,7.1,6.5,0.6,0.6,11,48,8.888888889
B,3/22/2016,0,6.5,7,0.3,0.3,11,50,10
Bay,3/22/2016,0,7.1,7,0.4,0.4,10,48,8.888888889
D,4/14/2016,0,6,6.5,0.9,1.3,14,48,8.888888889
Bay,4/14/2016,0,7.9,7,0.3,0.3,13,48,8.888888889
Bay,5/3/2016,0,4.5,7,0.4,0.9,21,65,18.33333333
A,8/31/2016,0,3.9,7.5,0.4,0.4,28,82,27.77777778
B,8/31/2016,0,4.2,8.5,0.01,0.01,28,81,27.22222222
Bay,8/31/2016,0,4.3,8.5,0.3,0.5,27,81,27.22222222
Bay,9/22/2016,0,3.2,7,0.9,1,23,75,23.88888889
A,10/5/2016,0,3.8,6.5,0.5,0.5,22,70,21.11111111
B,10/5/2016,0,2.9,6.5,0.3,0.3,25,70,21.11111111
D,10/18/2016,0,6,6.5,0.5,1.4,25,66,18.88888889
B,11/2/2016,0,3.8,6.5,0.2,0.2,16,60,15.55555556
A,11/2/2016,0,4.4,6.5,0.2,0.4,16,60,15.55555556
Bay,11/2/2016,0,6.3,6.7,0.7,0.7,17,60,15.55555556
D,11/16/2016,0,8.8,6.5,1,1.3,14,55,12.77777778
Bay,11/16/2016,0,9,7,0.7,0.8,13,55,12.77777778
Bay,12/7/2016,0,7.6,7,0.4,0.5,11,48,8.888888889
D,12/7/2016,0,10,6.5,0.9,1.1,11,48,8.888888889
Bay,12/20/2016,0,6.7,7,3,3.5,5,38,3.333333333
D,12/20/2016,0,10,6.5,1.7,1.7,5,38,3.333333333
Bay,1/24/2017,0,3.2,7,0.3,0.6,9,45,7.222222222
B,1/24/2017,0,7.6,6.5,0.3,0.5,8,45,7.222222222
D,2/7/2017,0,10,6.5,0.9,1.3,10,58,14.44444444
Bay,2/7/2017,0,8.2,7,0.3,0.6,9,58,14.44444444
A,2/21/2017,0,5.7,6.5,0.5,0.9,13,50,10
Bay,2/21/2017,0,5.2,7,0.3,0.5,13,48,8.888888889
B,2/21/2017,0,5.2,7,0.5,0.5,12,48,8.888888889
Bay,3/8/2017,0,7.1,7,0.3,0.5,13,47,8.333333333
D,3/8/2017,0,10,6.5,1.6,1.6,12,47,8.333333333
B,3/21/2017,0,5,7,0.3,0.3,10,51,10.55555556
Bay,3/21/2017,0,3.2,7,0.3,0.3,10,50,10
A,5/25/2017,0,4.2,6.5,0.6,0.8,22,72,22.22222222
A,7/25/2017,0,3.6,7,0.8,0.9,27,82,27.77777778
B,6/19/2017,0,3.9,7,0.5,0.5,26,72,22.22222222
B,7/25/2017,0,4.2,7,0.2,0.2,28,81,27.22222222
D,4/18/2017,0,7.3,6,1,1.1,17,61,16.11111111
D,5/11/2017,0,6.5,6.5,0.8,1.7,19,62,16.66666667
D,6/7/2017,0,4.6,6.5,0.7,1.6,22,64,17.77777778
D,7/11/2017,0,5.3,6.5,0.7,1.1,29,75,23.88888889
Bay,4/18/2017,0,6,6,0.4,0.7,20,61,16.11111111
Bay,5/11/2017,0,5,6,0.4,0.4,18,62,16.66666667
Bay,5/25/2017,0,6.9,7,0.5,0.9,20,72,22.22222222
Bay,6/7/2017,0,3.5,6,0.6,0.9,21,64,17.77777778
Bay,6/19/2017,0,4.3,6.5,0.5,1,25,72,22.22222222
Bay,7/11/2017,0,4.7,7,0.4,0.9,27,75,23.88888889
Bay,7/25/2017,0,6.2,7,0.4,0.9,26,81,27.22222222
D,4/4/2017,0,6.2,6.5,1,1.1,19,70,21.11111111
Bay,4/4/2017,0,4.2,6.25,0.2,0.9,19,69,20.55555556
Bay,8/8/2017,0,6.2,7,0.4,0.9,25,70,21.11111111
D,9/12/2017,0,5.8,6.5,1,1.7,20,72,22.22222222
Bay,9/12/2017,0,6,7,0.3,0.3,20,72,22.22222222
B,9/29/2017,0,3,7,0.1,0.1,24.5,78,25.55555556
D,10/12/2017,0,5.8,6.5,1.8,2.1,26,74,23.33333333
Bay,10/12/2017,0,5.2,7,1.5,1.9,25,74,23.33333333
Bay,10/26/2017,0,7.1,7,0.35,0.8,26,54,12.22222222
A,10/26/2017,0,6.8,6.5,0.2,0.4,27,54,12.22222222
B,10/26/2017,0,4.1,6.5,0.2,0.2,26,54,12.22222222
B,11/29/2017,0,5.2,6.5,0.2,0.2,6,48,8.888888889
D,12/12/2017,0,9.9,6.5,1.3,1.3,7,48,8.888888889
Bay,11/29/2017,0,10,7,0.6,0.8,9,48,8.888888889
Bay,12/12/2017,0,10,7,0.6,0.8,9,48,8.888888889
A,3/22/2018,0,8,6.5,0.7,0.9,7,40,4.444444444
A,5/25/2018,0.1,4,6.5,5.5,7,26,84,28.88888889
A,6/27/2018,0.1,4.7,4.8,0.5,0.5,27,76,24.44444444
A,8/14/2018,0,3.8,6.5,0.4,1.2,28,78,25.55555556
A,9/20/2018,0.09,4.4,6.5,0.3,0.5,28,80,26.66666667
A,1/31/2018,0,10,7,1,1,3,30,-1.111111111
B,1/31/2018,0,7.7,6.5,0.4,0.5,3,30,-1.111111111
B,3/22/2018,0,9.8,6.5,0.2,0.2,5,40,4.444444444
B,4/17/2018,1,8,6.5,0.4,0.4,10,48,8.888888889
B,5/25/2018,0.6,4.9,7,0.4,0.4,26.1,74,23.33333333
B,6/27/2018,0.7,3.7,7,0.2,0.2,26,76,24.44444444
B,8/14/2018,0,7.3,6.5,0.2,0.2,27,77,25
B,9/20/2018,0,5,6.5,0.2,0.2,28,80,26.66666667
D,1/16/2018,0,10,6.5,1.6,1.6,4,37,2.777777778
D,2/14/2018,0,9.5,6.5,1.3,1.4,6,45,7.222222222
D,3/7/2018,0,10,6.5,1,1.5,8,47,8.333333333
D,5/10/2018,0,6.3,6.5,0.8,1.2,21.4,63,17.22222222
D,6/14/2018,0,5,6.5,0.8,1.3,27,82,27.77777778
D,8/1/2018,0,4,6.5,0.5,1.6,28,82,27.77777778
D,9/4/2018,0,3.2,6.5,0.8,1.3,30,83,28.33333333
D,9/20/2018,0,5,6.5,0.4,1.4,25,80,26.66666667
Bay,1/31/2018,0,8,7,0.1,0.2,4,30,-1.111111111
Bay,2/14/2018,0,6,6,0.5,0.5,5,45,7.222222222
Bay,3/7/2018,0,9.2,7,0.1,0.1,9,47,8.333333333
Bay,3/22/2018,0,8.8,6,0.2,0.5,6,40,4.444444444
Bay,4/4/2018,0.66,7.9,6.5,0.1,0.9,17,70,21.11111111
Bay,4/17/2018,1.2,7.8,6.5,0.2,1,14,48,8.888888889
Bay,5/10/2018,0.18,6,6.5,0.2,0.4,20,62,16.66666667
Bay,5/25/2018,2.3,6.9,6.5,0.4,0.9,25,73,22.77777778
Bay,6/14/2018,0.1,5.6,7,0.5,0.9,24,82,27.77777778
Bay,7/18/2018,2.6,6.2,7,0.6,0.9,26,80,26.66666667
Bay,8/1/2018,1.9,3.8,7,0.5,1.2,26,82,27.77777778
Bay,8/14/2018,2.1,6,7,0.5,0.9,26,76,24.44444444
Bay,9/4/2018,1.9,6.2,7.5,0.4,0.7,28,82,27.77777778
Bay,9/20/2018,1.6,4.2,7,0.4,1,25,78,25.55555556
A,5/23/2019,0,4.9,7,0.4,0.6,25,69,20.55555556
A,8/20/2019,0,3.6,7,0.5,0.5,28,84,28.88888889
A,9/18/2019,0,4.6,7,0.6,0.6,23,71,21.66666667
A,10/23/2019,0,5.9,7,0.5,1,20,63,17.22222222
B,5/23/2019,0,4.1,7,0.3,0.3,27,69,20.55555556
B,9/18/2019,0,4.7,6.5,0.2,0.2,23,71,21.66666667
B,10/23/2019,0,4.6,6.5,0.2,0.2,20,63,17.22222222
D,5/8/2019,0.24,4.8,6.5,0.7,0.13,24,70,21.11111111
D,6/5/2019,0,4.1,7,0.6,1.1,15,72,22.22222222
D,7/3/2019,0,5.9,7,0.4,1.1,28,86,30
D,8/6/2019,0,3.6,6.5,0.7,1.2,25,79,26.11111111
D,9/3/2019,0,5.5,7,0.5,1.2,28,80,26.66666667
Bay,4/24/2019,0.7,4,6.5,0.3,1,22,68,20
Bay,5/8/2019,0.8,5.3,7,0.4,0.7,22,69,20.55555556
Bay,5/23/2019,0.8,6.9,7,0.4,0.9,22,69,20.55555556
Bay,6/5/2019,9,4.2,8,0.4,0.9,24,72,22.22222222
Bay,7/3/2019,0,6.5,7.5,0.4,0.9,26,85,29.44444444
Bay,8/6/2019,0.01,4.4,7.5,0.4,0.8,25,79,26.11111111
Bay,8/20/2019,0,4,7,0.4,1,26,82,27.77777778
Bay,9/3/2019,0,4.5,9,0.4,0.9,27,79,26.11111111
Bay,9/18/2019,0.5,4.1,7.5,0.4,0.4,22.8,71,21.66666667
Bay,10/23/2019,0.5,6.2,7,0.5,0.9,19,63,17.22222222
A,2/28/2019,0,10,7,0.4,1.3,10,46,7.777777778
A,3/26/2019,0,7,6.5,0,0.4,11,44,6.666666667
B,2/28/2019,0,8.7,6.5,0.4,0.4,10,46,7.777777778
B,3/26/2019,0,9.5,7,0.3,0.3,12,44,6.666666667
D,2/6/2019,0,10,6.5,1,1.5,13,46,7.777777778
D,3/14/2019,0,8.3,6.5,1,1.4,16,59,15
D,4/10/2019,0,6.7,6.5,0.9,1.4,20,57,13.88888889
Bay,2/6/2019,0,6,7,0.4,0.6,15,56,13.33333333
Bay,2/28/2019,0.7,10,6.5,0.4,0.6,12,46,7.777777778
Bay,3/14/2019,0.6,8.7,6.5,0.4,0.8,15,59,15
Bay,4/26/2019,0.6,10,6.5,0.1,0.4,12,44,6.666666667
Bay,4/10/2019,0,7.4,6.5,0.2,0.7,19,57,13.88888889
A,8/27/2015,0,5.7,7,0.2,0.4,25,79,26.11111111
A,9/9/2015,0,10,7.5,0.2,0.2,29,83,28.33333333
B,8/27/2015,0,3.2,8.5,0.2,0.2,23,79,26.11111111
B,9/22/2015,0,2.3,8,0.3,0.3,24,73,22.77777778
D,8/13/2015,0,6.1,6,0.9,1.1,27,82,27.77777778
D,9/9/2015,0,4.8,7,0.6,0.9,28,82,27.77777778
Bay,8/13/2015,0,6.3,9,0.4,0.4,26,82,27.77777778
Bay,8/27/2015,0,5,8.5,0.4,0.7,23,79,26.11111111
A,10/24/2018,0,6.6,6.5,0.2,0.7,15,58,14.44444444
B,10/24/2018,0.1,6.7,6.5,0.2,0.2,15,58,14.44444444
B,10/28/2018,0.1,5,7,0.4,0.5,13,49,9.444444444
D,10/11/2018,0,6,6.5,0.7,1.2,26,78,25.55555556
D,11/7/2018,0,6.9,6.5,0.9,1.3,20,65,18.33333333
Bay,10/11/2018,1.9,5,7,4,1.2,25,78,25.55555556
Bay,10/24/2018,0,9,7,0.3,0.6,18,58,14.44444444
Bay,10/28/2018,0.9,2.9,7,0.4,0.9,13,49,9.444444444
